,,,,,,,,,,,,,,,,,,,,,,,,,,,Jarvis,,,,,,,,,,,
,,,,,Mold Temp Set,,Insert Temp Actual,,,,,Injection Velocity,,,,,Injection Pressure's,,,,,,,SR2,,,Global Power Avg,,,,,,,,,,,Lid Molding
Date,Sample ID,CT (mm),PRE-DRY,Mold,A-SIDE,B-SIDE,A-SIDE,B-SIDE,"Melt Temp
(F)","Fill time
(s)",Cooling time,"1st
(%)","2nd
(%)","3rd
(%)","1st
(psi) x 1000","2nd
(psi) x 1000","Inj P Setting
(%)","Pack Set
(%)","Hold Set
(%)","Pack Pressure
(psi) x 1000","Hold Pressure
(psi) x 1000","Shot size
(mm)","Cushion
(mm)","Diopter
3.5+/-0.06","Cyl
(<0.06)","Insert 
Design",R.01,R.02,R.03,R.04,R.05,R.06,R.07,R.08,R.09,R.10,R.11,
2/6/2021,A16,1.16,CLV1000-No,R&D 2-Cav,217,220,195,200,460,6.52,325,5,12,8,4.2,8.28,65,58,55,15.1,14.21,70.76,6.62,3.54,0.02,D_19121901,3.577,3.536,3.512,3.447,3.35,3.229,3.056,2.858,2.575,2.355,2,
,A17,1.16,CLV1000-No,R&D 2-Cav,217,220,195,200,460,6.52,325,5,12,8,3.9,8.33,65,58,55,15,14.16,70.67,6.88,NA,NA,D_19121901,NA,NA,NA,NA,NA,NA,NA,NA,NA,NA,NA,
,A18,1.16,CLV1000-No,R&D 2-Cav,217,220,195,200,460,6.52,325,5,12,8,3.9,8.33,65,58,55,15,14.16,70.67,6.88,3.54,0.03,D_19121901,3.547,3.519,3.497,3.428,3.334,3.211,3.046,2.845,2.566,2.337,1.983,
,A19,1.16,CLV1000-No,R&D 2-Cav,217,220,195,200,460,6.53,325,5,12,8,3.9,8.38,65,58,55,15,14.21,70.57,7.04,3.54,0.02,D_19121901,3.438,3.389,3.377,3.316,3.223,3.097,2.924,2.731,2.464,2.275,1.93,
,A20,1.16,CLV1000-No,R&D 2-Cav,217,220,195,200,460,6.53,325,5,12,8,3.9,8.38,65,58,55,15,14.21,70.57,7.04,3.54,0.02,D_19121901,3.513,3.467,3.477,3.419,3.335,3.224,3.076,2.867,2.587,2.346,1.981,
,A21,1.16,CLV1000-No,R&D 2-Cav,217,220,195,200,460,6.56,325,5,12,8,4,8.38,65,58,55,15,14.21,70.56,7.04,3.54,0.02,D_19121901,3.493,3.487,3.441,3.39,3.302,3.178,3.026,2.833,2.562,2.338,1.984,
,A22,1.15,CLV1000-No,R&D 2-Cav,217,220,195,200,460,6.56,325,5,12,8,4,8.38,65,58,55,15,14.21,70.56,7.04,3.54,0.02,D_19121901,3.546,3.496,3.494,3.445,3.369,3.251,3.103,2.894,2.61,2.364,1.991,
,A23,1.16,CLV1000-No,R&D 2-Cav,217,220,195,200,460,6.55,325,5,12,8,4.1,8.28,65,58,55,15.1,14.16,70.56,7.03,3.52,0.05,D_19121901,3.439,3.412,3.38,3.322,3.217,3.09,2.938,2.746,2.48,2.278,1.94,
,A24,1.16,CLV1000-No,R&D 2-Cav,217,220,195,200,460,6.55,325,5,12,8,4.1,8.28,65,58,55,15.1,14.16,70.56,7.03,3.55,0.02,D_19121901,3.495,3.45,3.456,3.394,3.303,3.186,3.031,2.839,2.558,2.332,1.98,
,A25,1.16,CLV1000-No,R&D 2-Cav,217,220,195,200,460,6.52,325,5,12,8,3.9,8.28,65,58,55,15.1,14.06,70.59,6.81,3.53,0.01,D_19121901,3.517,3.477,3.448,3.379,3.295,3.164,2.979,2.777,2.499,2.272,1.921,
,A26,1.15,CLV1000-No,R&D 2-Cav,217,220,195,200,460,6.52,325,5,12,8,3.9,8.28,65,58,55,15.1,14.06,70.59,6.81,3.54,0.02,D_19121901,3.55,3.507,3.479,3.418,3.325,3.195,3.033,2.832,2.564,2.327,1.969,
,A27,1.15,CLV1000-No,R&D 2-Cav,217,220,195,200,460,6.56,325,5,12,8,4.1,8.23,65,58,55,15.1,14.16,70.58,6.98,3.53,0.04,D_19121901,3.447,3.416,3.392,3.323,3.223,3.101,2.928,2.74,2.478,2.255,1.92,
,A28,1.16,CLV1000-No,R&D 2-Cav,217,220,195,200,460,6.56,325,5,12,8,4.1,8.23,65,58,55,15.1,14.16,70.58,6.98,3.54,0.03,D_19121901,3.524,3.486,3.481,3.412,3.323,3.207,3.055,2.859,2.575,2.339,1.98,
,A29,1.15,CLV1000-No,R&D 2-Cav,217,220,195,200,460,6.58,325,5,12,8,3.9,8.14,65,58,55,15,14.11,70.62,7.05,3.52,0.04,D_19121901,3.464,3.437,3.419,3.349,3.261,3.127,2.948,2.745,2.466,2.257,1.919,
,A30,1.16,CLV1000-No,R&D 2-Cav,217,220,195,200,460,6.58,325,5,12,8,3.9,8.14,65,58,55,15,14.11,70.62,7.05,3.54,0.05,D_19121901,3.546,3.499,3.508,3.442,3.352,3.229,3.061,2.862,2.573,2.344,1.987,
,A1P2,1.1,CLV1000_P2-No,R&D 2-Cav,217,220,195,200,460,7.01,325,5,12,8,4.2,8.1,65,58,55,14.8,14.1,71.15,6.56,3.51,0.04,D_19121901,3.46,3.428,3.408,3.356,3.263,3.135,2.978,2.796,2.524,2.31,1.964,
,A2P2,1.1,CLV1000_P2-No,R&D 2-Cav,217,220,195,200,460,7.01,325,5,12,8,4.2,8.1,65,58,55,14.8,14.1,71.15,6.56,3.53,0.01,D_19121901,3.576,3.533,3.529,3.47,3.375,3.252,3.088,2.886,2.594,2.372,2.012,
,A3P2,1.1,CLV1000_P2-No,R&D 2-Cav,217,220,195,200,460,6.58,325,5,12,8,4.2,8.5,65,58,55,14.9,14.16,70.82,6.57,3.52,0.05,D_19121901,3.499,3.468,3.448,3.386,3.287,3.159,2.993,2.802,2.53,2.302,1.953,
,A4P2,1.1,CLV1000_P2-No,R&D 2-Cav,217,220,195,200,460,6.58,325,5,12,8,4.2,8.5,65,58,55,14.9,14.16,70.82,6.57,3.54,0.02,D_19121901,3.596,3.554,3.552,3.488,3.396,3.268,3.111,2.904,2.614,2.371,1.991,
,A5P2,1.1,CLV1000_P2-No,R&D 2-Cav,217,220,195,200,460,6.55,325,5,12,8,3.1,8.23,65,58,55,14.8,14.1,70.86,6.42,3.52,0.04,D_19121901,3.491,3.435,3.432,3.39,3.299,3.183,3.027,2.838,2.566,2.347,1.984,
,A6P2,1.1,CLV1000_P2-No,R&D 2-Cav,217,220,195,200,460,6.55,325,5,12,8,3.1,8.23,65,58,55,14.8,14.1,70.86,6.42,3.53,0.03,D_19121901,3.537,3.496,3.484,3.41,3.301,3.171,2.996,2.785,2.511,2.294,1.941,
,A7P2,1.1,CLV1000_P2-No,R&D 2-Cav,217,220,195,200,460,6.59,325,5,12,8,3.6,8.18,65,58,55,14.9,14.1,70.86,6.64,3.52,0.02,D_19121901,3.527,3.456,3.453,3.384,3.288,3.166,2.997,2.803,2.524,2.305,1.952,
,A8P2,1.1,CLV1000_P2-No,R&D 2-Cav,217,220,195,200,460,6.59,325,5,12,8,3.6,8.18,65,58,55,14.9,14.1,70.86,6.64,3.55,0.01,D_19121901,3.779,3.716,3.687,3.629,3.505,3.348,3.151,2.929,2.6,2.363,1.974,
,A9P2,1.1,CLV1000_P2-No,R&D 2-Cav,217,220,195,200,460,6.58,325,5,12,8,3.6,8.18,65,58,55,14.8,14.16,70.92,6.74,3.52,0.03,D_19121901,3.617,3.579,3.558,3.5,3.392,3.27,3.086,2.874,2.569,2.336,1.977,
,A10P2,1.1,CLV1000_P2-No,R&D 2-Cav,217,220,195,200,460,6.58,325,5,12,8,3.6,8.18,65,58,55,14.8,14.16,70.92,6.74,3.55,0.03,D_19121901,3.648,3.597,3.582,3.521,3.419,3.287,3.121,2.898,2.59,2.352,2.001,
,A11P2,1.1,CLV1000_P2-No,R&D 2-Cav,217,220,195,200,460,6.58,325,5,12,8,3.9,8.23,65,58,55,15,14.1,70.93,6.77,3.52,0.04,D_19121901,3.514,3.471,3.46,3.405,3.316,3.189,3.029,2.838,2.556,2.327,1.965,
,A12P2,1.1,CLV1000_P2-No,R&D 2-Cav,217,220,195,200,460,6.58,325,5,12,8,3.9,8.23,65,58,55,15,14.1,70.93,6.77,3.54,0.02,D_19121901,3.676,3.61,3.612,3.54,3.427,3.288,3.112,2.891,2.603,2.368,1.996,
,A13P2,1.1,CLV1000_P2-No,R&D 2-Cav,217,220,195,200,460,6.54,325,5,12,8,4.1,8.18,65,58,55,14.9,14.25,70.86,6.7,3.51,0.01,D_19121901,3.539,3.49,3.477,3.412,3.326,3.212,3.048,2.866,2.577,2.356,1.994,
,A14P2,1.11,CLV1000_P2-No,R&D 2-Cav,217,220,195,200,460,6.54,325,5,12,8,4.1,8.18,65,58,55,14.9,14.25,70.86,6.7,3.54,0.01,D_19121901,3.632,3.588,3.579,3.502,3.398,3.255,3.076,2.875,2.594,2.354,1.991,
,A15P2,1.1,CLV1000_P2-No,R&D 2-Cav,217,220,195,200,460,6.52,325,5,12,8,4.2,8.28,65,58,55,15.1,14.21,70.76,6.62,3.53,0.04,D_19121901,3.465,3.438,3.415,3.361,3.27,3.154,2.996,2.802,2.53,2.308,1.962,
,A1P3,1.16,CLV1000_P3-No,R&D 2-Cav,217,220,195,200,460,6.63,325,5,12,8,3.9,8.18,65,58,55,15,14.16,70.62,7.07,3.53,0.05,D_19121901,3.492,3.453,3.422,3.364,3.268,3.159,2.995,2.811,2.542,2.323,1.961,
,A2P3,1.16,CLV1000_P3-No,R&D 2-Cav,217,220,195,200,460,6.63,325,5,12,8,4.2,8.18,65,58,55,15,14.16,70.62,7.07,3.54,0.05,D_19121901,3.5,3.471,3.431,3.392,3.306,3.186,3.042,2.85,2.577,2.35,1.981,
,A3P3,1.16,CLV1000_P3-No,R&D 2-Cav,217,220,195,200,460,6.66,325,5,12,8,4.2,8.43,65,58,55,15,14.06,70.55,7.1,3.52,0.04,D_19121901,3.571,3.527,3.491,3.442,3.357,3.237,3.075,2.88,2.598,2.372,2,
,A4P3,1.16,CLV1000_P3-No,R&D 2-Cav,217,220,195,200,460,6.66,325,5,12,8,3.1,8.43,65,58,55,15,14.06,70.55,7.1,3.55,0.03,D_19121901,3.647,3.574,3.552,3.477,3.369,3.223,3.033,2.825,2.549,2.312,1.973,
,A5P3,1.16,CLV1000_P3-No,R&D 2-Cav,217,220,195,200,460,6.65,325,5,12,8,3.1,8.43,65,58,55,15,14.16,70.58,7.04,3.53,0.02,D_19121901,3.484,3.451,3.429,3.374,3.27,3.147,2.991,2.807,2.533,2.316,1.956,
,A6P3,1.16,CLV1000_P3-No,R&D 2-Cav,217,220,195,200,460,6.65,325,5,12,8,3.6,8.43,65,58,55,15,14.16,70.58,7.04,3.55,0.05,D_19121901,3.522,3.47,3.478,3.422,3.334,3.2,3.034,2.829,2.549,2.327,1.976,
,A7P3,1.16,CLV1000_P3-No,R&D 2-Cav,217,220,195,200,460,6.68,325,5,12,8,3.6,8.43,65,58,55,14.9,14.11,70.62,7.16,3.51,0.03,D_19121901,3.58,3.527,3.517,3.445,3.34,3.214,3.044,2.84,2.55,2.319,1.961,
,A8P3,1.16,CLV1000_P3-No,R&D 2-Cav,217,220,195,200,460,6.68,325,5,12,8,3.6,8.43,65,58,55,14.9,14.11,70.62,7.16,3.54,0.04,D_19121901,3.551,3.52,3.511,3.44,3.351,3.222,3.066,2.864,2.584,2.347,1.99,
,A9P3,1.16,CLV1000_P3-No,R&D 2-Cav,217,220,195,200,460,6.65,325,5,12,8,3.6,8.18,65,58,55,15,14.11,70.56,7.09,3.52,0.05,D_19121901,3.494,3.465,3.437,3.383,3.276,3.158,3.008,2.81,2.521,2.324,1.964,
,A10P3,1.16,CLV1000_P3-No,R&D 2-Cav,217,220,195,200,460,6.65,325,5,12,8,3.9,8.18,65,58,55,15,14.11,70.56,7.09,3.53,0.01,D_19121901,3.542,3.504,3.501,3.453,3.355,3.225,3.056,2.851,2.554,2.324,1.958,
,A11P3,1.16,CLV1000_P3-No,R&D 2-Cav,217,220,195,200,460,6.63,325,5,12,8,3.9,8.38,65,58,55,15,14.16,70.52,7.06,4.54,0.03,D_19121901,3.548,3.512,3.501,3.428,3.336,3.214,3.055,2.858,2.575,2.349,1.985,
,A12P3,1.16,CLV1000_P3-No,R&D 2-Cav,217,220,195,200,460,6.63,325,5,12,8,4.1,8.38,65,58,55,15,14.16,70.52,7.06,3.54,0.03,D_19121901,3.526,3.502,3.494,3.422,3.362,3.228,3.07,2.875,2.58,2.364,1.994,
,A13P3,1.16,CLV1000_P3-No,R&D 2-Cav,217,220,195,200,460,6.2,325,5,12,8,4.1,8.33,65,58,55,15,14.16,70.66,7.14,3.53,0.01,D_19121901,3.489,3.452,3.432,3.375,3.283,3.167,3.007,2.819,2.537,2.324,1.955,
,A14P3,1.16,CLV1000_P3-No,R&D 2-Cav,217,220,195,200,460,6.2,325,5,12,8,4,8.33,65,58,55,15,14.16,70.66,7.14,3.54,0.03,D_19121901,3.546,3.533,3.493,3.437,3.343,3.226,3.085,2.889,2.61,2.373,1.995,
,A15P3,1.16,CLV1000_P3-No,R&D 2-Cav,217,220,195,200,460,6.7,325,5,12,8,3.9,8.38,65,58,55,15,14.16,70.66,7.14,3.53,0.05,D_19121901,3.485,3.421,3.41,3.357,3.251,3.141,2.975,2.791,2.537,2.315,1.955,
,A1P4,1.14,CLV1000_P4-No,R&D 2-Cav,217,220,195,200,460,6.7,325,5,12,8,4,8.23,65,58,55,15,14.16,70.66,7.14,3.55,0.01,D_19121901,3.5,3.459,3.448,3.394,3.303,3.187,3.044,2.858,2.581,2.352,1.989,
,A2P4,1.13,CLV1000_P4-No,R&D 2-Cav,217,220,195,200,460,6.7,325,5,12,8,3.9,8.23,65,58,55,15,14.16,70.78,7.05,3.52,0.04,D_19121901,3.471,3.445,3.426,3.375,3.272,3.154,3.01,2.83,2.541,2.335,1.966,
,A3P4,1.13,CLV1000_P4-No,R&D 2-Cav,217,220,195,200,460,6.7,325,5,12,8,3.9,8.23,65,58,55,15,14.16,70.78,7.05,3.55,0.03,D_19121901,3.651,3.602,3.583,3.507,3.397,3.253,3.09,2.886,2.599,2.365,1.996,
,A4P4,1.13,CLV1000_P4-No,R&D 2-Cav,217,220,195,200,460,6.66,325,5,12,8,3.9,8.33,65,58,55,15.1,14.1,70.75,6.87,3.52,0.03,D_19121901,3.631,3.575,3.56,3.489,3.381,3.243,3.061,2.863,2.558,2.338,1.976,
,A5P4,1.13,CLV1000_P4-No,R&D 2-Cav,217,220,195,200,460,6.66,325,5,12,8,3.9,8.33,65,58,55,15.1,14.1,70.75,6.87,3.55,0.06,D_19121901,3.616,3.571,3.569,3.484,3.382,3.246,3.07,2.855,2.568,2.335,1.985,
,A6P4,1.13,CLV1000_P4-No,R&D 2-Cav,217,220,195,200,460,6.64,325,5,12,8,4,8.18,65,58,55,15,14.21,70.76,7.03,3.52,0.03,D_19121901,3.557,3.504,3.481,3.415,3.318,3.191,3.026,2.828,2.552,2.323,1.964,
,A7P4,1.13,CLV1000_P4-No,R&D 2-Cav,217,220,195,200,460,6.64,325,5,12,8,4,8.18,65,58,55,15,14.21,70.76,7.03,3.53,0.01,D_19121901,3.642,3.591,3.555,3.486,3.38,3.243,3.06,2.851,2.564,2.334,1.983,
,A8P4,1.13,CLV1000_P4-No,R&D 2-Cav,217,220,195,200,460,6.62,325,5,12,8,4.1,8.33,65,58,55,15.1,14.16,70.7,6.89,3.53,0.02,D_19121901,3.629,3.566,3.556,3.503,3.39,3.25,3.073,2.862,2.572,2.335,1.971,
,A9P4,1.14,CLV1000_P4-No,R&D 2-Cav,217,220,195,200,460,6.62,325,5,12,8,4.1,8.33,65,58,55,15.1,14.16,70.7,6.89,3.54,0,D_19121901,3.676,3.648,3.624,3.552,3.454,3.323,3.155,2.928,2.633,2.388,2.014,
,A10P4,1.14,CLV1000_P4-No,R&D 2-Cav,217,220,195,200,460,6.61,325,5,12,8,3.9,8.38,65,58,55,15.2,14.16,70.71,6.98,3.52,0.03,D_19121901,,,,,,,,,,,,
,A11P4,1.13,CLV1000_P4-No,R&D 2-Cav,217,220,195,200,460,6.61,325,5,12,8,3.9,8.38,65,58,55,15.2,14.16,70.71,6.98,3.54,0.03,D_19121901,,,,,,,,,,,,
,A12P4,1.13,CLV1000_P4-No,R&D 2-Cav,217,220,195,200,460,6.66,325,5,12,8,4.1,8.18,65,58,55,15.1,14.21,70.75,7.02,3.54,0.04,D_19121901,,,,,,,,,,,,
,A13P4,1.13,CLV1000_P4-No,R&D 2-Cav,217,220,195,200,460,6.6,325,5,12,8,4.1,8.7,65,58,55,15,14.01,70.67,6.83,3.54,0.02,D_19121901,,,,,,,,,,,,
,A14P4,1.13,CLV1000_P4-No,R&D 2-Cav,217,220,195,200,460,6.6,325,5,12,8,3.9,8.7,65,58,55,15,14.01,70.67,6.83,3.51,0.04,D_19121901,,,,,,,,,,,,
,A15P4,1.13,CLV1000_P4-No,R&D 2-Cav,217,220,195,200,460,6.66,325,5,12,8,4.1,8.18,65,58,55,15.1,14.21,70.75,7.02,3.55,0.02,D_19121901,,,,,,,,,,,,
17-Feb,A1D,1.17,CLV1000-Yes,X-10,217,220,,,460,10.52,325,7,12,8,5.1,9.2,65,58,55,15.8,14.16,150.65,12.55,3.54,0.04,D_19121901,3.266,3.256,3.236,3.175,3.099,2.983,2.817,2.626,2.371,2.149,1.834,4
,A2D,1.18,CLV1000-Yes,X-10,217,220,,,460,10.52,325,7,12,8,5.1,9.2,65,58,55,15.8,14.16,150.65,12.55,3.57,0.03,D_19121901,3.26,3.238,3.206,3.167,3.071,2.964,2.805,2.613,2.36,2.143,1.846,9
,A3D,1.16,CLV1000-Yes,X-10,217,220,,,460,10.52,325,7,12,8,5.1,9.2,65,58,55,15.8,14.16,150.65,12.55,3.54,0.02,D_19121901,3.261,3.261,3.233,3.188,3.121,3.004,2.859,2.682,2.432,2.239,1.922,9
,A4D,1.17,CLV1000-Yes,X-10,217,220,,,460,10.52,325,7,12,8,5.1,9.2,65,58,55,15.8,14.16,150.65,12.55,3.55,0,D_19121901,NA,NA,NA,NA,NA,NA,NA,NA,NA,NA,NA,
,A5D,1.16,CLV1000-Yes,X-10,217,220,,,460,10.19,,7,12,8,5.3,6.64,65,58,55,15.1,14.16,149.79,7.37,3.51,0.03,D_19121901,3.298,3.28,3.262,3.173,3.106,2.986,2.837,2.635,2.38,2.17,1.824,9
,A6D,1.16,CLV1000-Yes,X-10,217,220,,,460,10.19,,7,12,8,5.3,6.64,65,58,55,15.1,14.16,149.79,7.37,3.51,0.03,D_19121901,3.295,3.269,3.233,3.19,3.1,2.991,2.816,2.629,2.357,2.145,1.822,7
,A7D,1.16,CLV1000-Yes,X-10,217,220,,,460,10.19,,7,12,8,5.3,6.64,65,58,55,15.1,14.16,,,3.52,0.01,D_19121901,3.307,3.286,3.266,3.208,3.126,3.001,2.853,2.647,2.386,2.183,1.849,7
,A8D,1.16,CLV1000-Yes,X-10,217,220,,,460,10.19,,7,12,8,5.3,6.64,65,58,55,15.1,14.16,,,3.51,0.03,D_19121901,3.303,3.283,3.272,3.229,3.134,3.028,2.876,2.691,2.451,2.239,1.929,6
,A9D,1.16,CLV1000-Yes,X-10,217,220,,,460,10.23,,7,12,8,5.2,6.55,65,58,55,14.8,14.16,149.72,7.56,3.48,0.04,D_19121901,3.254,3.258,3.235,3.184,3.097,2.96,2.818,2.618,2.376,2.158,1.822,3
,A10D,1.16,CLV1000-Yes,X-10,217,220,,,460,10.23,,7,12,8,5.2,6.55,65,58,55,14.8,14.16,149.72,7.56,3.47,0.04,D_19121901,3.504,3.469,3.414,3.35,3.247,3.118,2.926,2.713,2.436,2.21,1.856,11
,A11D,1.16,CLV1000-Yes,X-10,217,220,,,460,10.23,,7,12,8,5.2,6.55,65,58,55,14.8,14.16,149.72,7.56,3.51,0.03,D_19121901,3.289,3.275,3.272,3.206,3.128,3.022,2.857,2.652,2.384,2.171,1.833,10
,A12D,1.16,CLV1000-Yes,X-10,217,220,,,460,10.23,,7,12,8,5.2,6.55,65,58,55,14.8,14.16,149.72,7.56,3.51,0.04,D_19121901,3.333,3.317,3.288,3.227,3.154,3.033,2.89,2.711,2.466,2.271,1.941,8
,A13D,1.16,CLV1000-Yes,X-10,217,220,,,460,10.26,,7,12,8,5.3,6.55,65,58,55,15.1,14.16,149.89,7.47,3.47,0.05,D_19121901,3.233,3.215,3.196,3.14,3.057,2.937,2.784,2.599,2.347,2.133,1.812,9
,A14D,1.16,CLV1000-Yes,X-10,217,220,,,460,10.26,,7,12,8,5.3,6.55,65,58,55,15.1,14.16,149.89,7.47,3.47,0.02,D_19121901,3.307,3.268,3.248,3.192,3.113,2.997,2.816,2.62,2.363,2.142,1.815,5
,A15D,1.16,CLV1000-Yes,X-10,217,220,,,460,10.26,,7,12,8,5.3,6.55,65,58,55,15.1,14.16,149.89,7.47,3.5,0.02,D_19121901,3.25,3.24,3.225,3.166,3.083,2.967,2.827,2.647,2.388,2.205,1.883,10
,A1P2D,1.1,CLV1000_P2-Yes,X-10,217,220,,,460,10.26,,7,12,8,,,65,58,55,15.1,14.16,,,3.51,0.04,D_19121901,3.297,3.287,3.265,3.216,3.14,3.023,2.889,2.708,2.472,2.253,1.924,8
,A2P2D,1.1,CLV1000_P2-Yes,X-10,217,220,,,460,10.25,,7,12,8,5.1,6.59,65,58,55,15.1,14.16,150.26,6.84,3.46,0.03,D_19121901,3.27,3.256,3.229,3.178,3.09,2.968,2.823,2.628,2.366,2.142,1.823,9
,A3P2D,1.1,CLV1000_P2-Yes,X-10,217,220,,,460,10.25,,7,12,8,5.1,6.59,65,58,55,15.1,14.16,,,3.48,0.05,D_19121901,3.319,3.289,3.263,3.212,3.123,3.013,2.848,2.66,2.403,2.189,1.853,9
,A4P2D,1.1,CLV1000_P2-Yes,X-10,217,220,,,460,10.25,,7,12,8,5.1,6.59,65,58,55,15.1,14.16,,,3.51,0.02,D_19121901,3.353,3.36,3.323,3.278,3.191,3.072,2.913,2.723,2.441,2.238,1.89,9
,A5P2D,1.1,CLV1000_P2-Yes,X-10,217,220,,,460,10.25,,7,12,8,5.1,6.59,65,58,55,15.1,14.16,,,3.5,0.05,D_19121901,3.398,3.381,3.36,3.309,3.223,3.098,2.949,2.763,2.493,2.27,1.937,9
,A6P2D,1.1,CLV1000_P2-Yes,X-10,217,220,,,460,10.29,,7,12,8,5.6,6.5,65,58,55,15.1,14.16,150.11,7.15,3.47,0.09,D_19121901,3.3,3.288,3.259,3.205,3.115,2.992,2.833,2.638,2.389,2.177,1.848,9
,A7P2D,1.1,CLV1000_P2-Yes,X-10,217,220,,,460,10.29,,7,12,8,5.6,6.5,65,58,55,15.1,14.16,,,3.43,0.06,D_19121901,3.409,3.41,3.358,3.315,3.208,3.069,2.899,2.707,2.434,2.195,1.854,11
,A8P2D,1.1,CLV1000_P2-Yes,X-10,217,220,,,460,10.29,,7,12,8,5.6,6.5,65,58,55,15.1,14.16,,,3.5,0.05,D_19121901,3.425,3.423,3.384,3.331,3.243,3.121,2.964,2.78,2.511,2.287,1.96,11
,A9P2D,1.1,CLV1000_P2-Yes,X-10,217,220,,,460,10.29,,7,12,8,5.6,6.5,65,58,55,15.1,14.16,,,3.5,0.04,D_19121901,3.298,3.277,3.26,3.202,3.125,3.002,2.852,2.668,2.405,2.195,1.871,8
,A10P2D,1.1,CLV1000_P2-Yes,X-10,217,220,,,460,10.29,,7,12,8,5.3,6.55,65,58,55,14.9,14.16,150.24,6.88,3.43,0.07,D_19121901,3.234,3.226,3.214,3.153,3.067,2.952,2.799,2.593,2.344,2.141,1.819,9
,A11P2D,1.1,CLV1000_P2-Yes,X-10,217,220,,,460,10.29,,7,12,8,5.3,6.55,65,58,55,14.9,14.16,,,3.49,0.03,D_19121901,3.312,3.312,3.279,3.221,3.15,3.028,2.857,2.669,2.413,2.194,1.861,7
,A12P2D,1.1,CLV1000_P2-Yes,X-10,217,220,,,460,10.29,,7,12,8,5.3,6.55,65,58,55,14.9,14.16,,,3.48,0.04,D_19121901,3.371,3.349,3.321,3.252,3.163,3.052,2.892,2.701,2.431,2.224,1.882,9
,A13P2D,1.11,CLV1000_P2-Yes,X-10,217,220,,,460,10.29,,7,12,8,5.3,6.55,65,58,55,14.9,14.16,,,3.43,0.05,D_19121901,3.504,3.477,3.451,3.386,3.283,3.154,2.991,2.793,2.52,2.289,1.947,11
,A14P2D,1.1,CLV1000_P2-Yes,X-10,217,220,,,460,10.29,,7,12,8,5.3,6.55,65,58,55,15.1,14.16,149.89,7.19,3.47,0.05,D_19121901,3.25,3.223,3.212,3.163,3.061,2.949,2.788,2.604,2.353,2.149,1.824,9
,A15P2D,1.1,CLV1000_P2-Yes,X-10,217,220,,,460,10.29,,7,12,8,5.3,6.55,65,58,55,15.1,14.16,,,3.43,0.05,D_19121901,3.259,3.25,3.209,3.159,3.074,2.961,2.793,2.609,2.365,2.152,1.837,9
,A1P3D,1.17,CLV1000_P3-Yes,X-10,217,220,,,460,10.29,,7,12,8,5.3,6.55,65,58,55,15.1,14.16,,,3.5,0.01,D_19121901,3.388,3.367,3.351,3.308,3.235,3.121,2.988,2.81,2.543,2.327,1.968,9
,A2P3D,1.17,CLV1000_P3-Yes,X-10,217,220,,,460,10.29,,7,12,8,5.3,6.55,65,58,55,15.1,14.16,,,3.49,0.05,D_19121901,3.377,3.374,3.349,3.299,3.222,3.106,2.949,2.764,2.496,2.28,1.944,9
,A3P3D,1.17,CLV1000_P3-Yes,X-10,217,220,,,460,10.32,,7,12,8,5.3,6.55,65,58,55,14.9,14.11,149.52,7.64,3.46,0.02,D_19121901,3.343,3.307,3.302,3.239,3.152,3.031,2.86,2.672,2.406,2.194,1.858,8
,A4P3D,1.17,CLV1000_P3-Yes,X-10,217,220,,,460,10.32,,7,12,8,5.3,6.55,65,58,55,14.9,14.11,,,3.49,0.04,D_19121901,3.341,3.339,3.285,3.252,3.168,3.041,2.879,2.69,2.422,2.188,1.851,9
,A5P3D,1.17,CLV1000_P3-Yes,X-10,217,220,,,460,10.32,,7,12,8,5.3,6.55,65,58,55,14.9,14.11,,,3.51,0.02,D_19121901,3.36,3.315,3.323,3.246,3.165,3.047,2.893,2.698,2.446,2.236,1.1895,9
,A6P3D,1.17,CLV1000_P3-Yes,X-10,217,220,,,460,10.32,,7,12,8,5.3,6.55,65,58,55,14.9,14.11,,,3.46,0.04,D_19121901,3.354,3.334,3.333,3.285,3.201,3.097,2.95,2.769,2.518,2.311,1.956,9
,A7P3D,1.17,CLV1000_P3-Yes,X-10,217,220,,,460,10.36,,7,12,8,5.1,6.55,65,58,55,15.1,14.16,149.61,7.76,3.49,0.05,D_19121901,3.325,3.308,3.3,3.234,3.151,3.033,2.867,2.676,3.421,2.204,1.87,10
,A8P3D,1.17,CLV1000_P3-Yes,X-10,217,220,,,460,10.36,,7,12,8,5.1,6.55,65,58,55,15.1,14.16,,,3.49,0.04,D_19121901,3.345,3.319,3.287,3.232,3.151,3.029,2.867,2.678,2.427,2.222,1.896,8
,A9P3D,1.17,CLV1000_P3-Yes,X-10,217,220,,,460,10.36,,7,12,8,5.1,6.55,65,58,55,15.1,14.16,,,3.51,0.05,D_19121901,3.484,3.466,3.446,3.372,3.281,3.149,2.982,2.792,2.515,2.279,1.939,11
,A10P3D,1.17,CLV1000_P3-Yes,X-10,217,220,,,460,10.36,,7,12,8,5.1,6.55,65,58,55,15.1,14.16,,,3.52,0.01,D_19121901,3.353,3.3,3.311,3.255,3.163,3.046,2.885,2.699,2.443,2.239,1.903,10
,A11P3D,1.17,CLV1000_P3-Yes,X-10,217,220,,,460,10.34,,7,12,8,5.3,6.5,65,58,55,15,14.11,149.66,7.5,3.49,0.04,D_19121901,3.337,3.318,3.294,3.229,3.153,3.054,2.879,2.679,2.42,2.213,1.878,9
,A12P3D,1.18,CLV1000_P3-Yes,X-10,217,220,,,460,10.34,,7,12,8,5.3,6.5,65,58,55,15,14.11,,,3.47,0.06,D_19121901,3.361,3.343,3.338,3.287,3.195,3.078,2.906,2.711,2.441,2.206,1.871,10
,A13P3D,1.17,CLV1000_P3-Yes,X-10,217,220,,,460,10.34,,7,12,8,5.3,6.5,65,58,55,15,14.11,,,"3,51",0.05,D_19121901,3.341,3.304,3.268,3.223,3.134,3.007,2.855,2.662,2.403,2.184,1.849,9
,A14P3D,1.17,CLV1000_P3-Yes,X-10,217,220,,,460,10.34,,7,12,8,5.3,6.5,65,58,55,15,14.11,,,3.48,0.1,D_19121901,3.551,3.518,3.477,3.412,3.301,3.158,2.978,2.769,2.488,2.243,1.921,11
,A15P3D,1.17,CLV1000_P3-Yes,X-10,217,220,,,460,10.33,,7,12,8,5.4,6.55,65,58,55,14.9,14.11,149.79,7.37,3.47,0.03,D_19121901,3.336,3.317,3.281,3.236,3.141,3.036,2.864,2.67,2.41,2.198,1.857,8
,A1P4D,1.15,CLV1000_P4-Yes,X-10,217,220,,,460,10.33,,7,12,8,5.4,6.55,65,58,55,14.9,14.11,,,3.47,0.04,D_19121901,3.315,3.297,3.275,3.229,3.137,3.012,2.862,2.676,2.421,2.206,1.872,9
,A2P4D,1.14,CLV1000_P4-Yes,X-10,217,220,,,460,10.33,,7,12,8,5.4,6.55,65,58,55,14.9,14.11,,,3.5,0.03,D_19121901,3.311,3.301,3.285,3.232,3.16,3.053,2.884,2.715,2.447,2.25,1.908,11
,A3P4D,1.13,CLV1000_P4-Yes,X-10,217,220,,,460,10.33,,7,12,8,5.4,6.55,65,58,55,14.9,14.11,,,3.5,0.04,D_19121901,3.345,3.312,3.287,3.233,3.142,3.031,2.894,2.717,2.466,2.263,1.944,10
,A4P4D,1.14,CLV1000_P4-Yes,X-10,217,220,,,460,10.34,,7,12,8,5.3,6.45,65,58,55,15,14.06,149.9,7.38,3.47,0.05,D_19121901,3.339,3.342,3.314,3.247,3.156,3.049,2.882,2.673,2.414,2.208,1.873,8
,A5P4D,1.14,CLV1000_P4-Yes,X-10,217,220,,,460,10.34,,7,12,8,5.3,6.45,65,58,55,15,14.06,,,3.48,0.04,D_19121901,3.296,3.265,3.253,3.207,3.127,3.001,2.849,2.651,2.421,2.216,1.88,11
,A6P4D,1.14,CLV1000_P4-Yes,X-10,217,220,,,460,10.34,,7,12,8,5.3,6.45,65,58,55,15,14.06,,,3.5,0.05,D_19121901,3.407,3.385,3.38,3.306,3.215,3.099,2.944,2.754,2.485,2.263,1.919,9
,A7P4D,1.14,CLV1000_P4-Yes,X-10,217,220,,,460,10.34,,7,12,8,5.3,6.45,65,58,55,15,14.06,,,3.48,0.05,D_19121901,3.315,3.301,3.27,"3,218",3.12,3.018,2.842,2.649,2.39,2.182,1.854,10
,A8P4D,1.14,CLV1000_P4-Yes,X-10,217,220,,,460,10.36,,7,12,8,5.1,6.55,65,58,55,15.1,14.06,149.92,7.32,3.5,0.04,D_19121901,3.32,3.305,3.298,3.253,3.184,3.083,2.943,2.768,2.511,2.295,1.954,11
,A9P4D,1.14,CLV1000_P4-Yes,X-10,217,220,,,460,10.36,,7,12,8,5.1,6.55,65,58,55,15.1,14.06,,,3.5,0.03,D_19121901,3.307,3.298,3.276,3.218,3.13,3.02,2.863,2.667,2.392,2.182,1.861,11
,A10P4D,1.14,CLV1000_P4-Yes,X-10,217,220,,,460,10.36,,7,12,8,5.1,6.55,65,58,55,15.1,14.06,,,3.49,0.04,D_19121901,3.364,3.327,3.333,3.28,3.203,3.082,2.918,2.743,2.479,2.271,1.934,11
,A11P4D,1.14,CLV1000_P4-Yes,X-10,217,220,,,460,10.36,,7,12,8,5.1,6.55,65,58,55,15.1,14.06,,,3.52,0.03,D_19121901,3.377,3.359,3.354,3.309,3.22,3.126,2.976,2.806,2.54,2.322,1.975,11
,A12P4D,1.14,CLV1000_P4-Yes,X-10,217,220,,,460,10.34,,7,12,8,5.2,6.45,65,58,55,15.1,14.1,149.82,7.32,3.44,0.02,D_19121901,3.292,3.279,3.26,3.193,3.108,3.001,2.832,2.643,2.394,2.192,1.869,11
,A13P4D,1.14,CLV1000_P4-Yes,X-10,217,220,,,460,10.34,,7,12,8,5.2,6.45,65,58,55,15.1,14.1,,,3.44,0.02,D_19121901,3.31,3.296,3.266,3.207,3.121,3.007,2.85,2.674,2.422,2.218,1.897,12
,A14P4D,1.14,CLV1000_P4-Yes,X-10,217,220,,,460,10.34,,7,12,8,5.2,6.45,65,58,55,15.1,14.1,,,3.5,0.04,D_19121901,3.344,3.331,3.307,3.288,3.19,3.08,2.93,2.747,2.485,2.275,1.943,11
,A15P4D,1.14,CLV1000_P4-Yes,X-10,217,220,,,460,10.34,,7,12,8,5.2,6.45,65,58,55,15.1,14.1,,,3.5,0.04,D_19121901,3.342,3.341,3.32,3.286,3.199,3.087,2.945,2.755,2.496,2.285,1.955,11
,AA1,1.18,CLV4400-No,X-10,217,220,,,460,10.19,,7,12,8,5.2,6.11,65,58,55,15,14.06,150.18,7.01,3.53,0.02,D_19121901,3.072,3.068,3.061,3.004,2.92,2.813,2.682,2.507,2.264,2.048,1.743,11
,AA2,1.15,CLV4400-No,X-10,217,220,,,460,10.19,,7,12,8,5.2,6.11,65,58,55,15,14.06,,,3.52,0.04,D_19121901,3.174,3.189,3.156,3.125,3.045,2.908,2.754,2.567,2.312,2.079,1.751,12
,AA3,1.14,CLV4400-No,X-10,217,220,,,460,10.19,,7,12,8,5.2,6.11,65,58,55,15,14.06,,,3.55,0.02,D_19121901,3.046,3.053,3.029,2.99,2.931,2.821,2.699,2.528,2.29,2.083,1.775,12
,AA4,1.14,CLV4400-No,X-10,217,220,,,460,10.19,,7,12,8,5.2,6.11,65,58,55,15,14.06,,,3.53,0.02,D_19121901,3.119,3.121,3.114,3.075,3.021,2.89,2.763,2.598,2.362,2.149,1.849,12
,AA5,1.15,CLV4400-No,X-10,217,220,,,460,10.23,,7,12,8,5.1,6.4,65,58,55,15.1,14.06,149.9,7.38,3.49,0.04,D_19121901,3.242,3.241,3.235,3.163,3.077,2.92,2.802,2.595,2.33,2.105,1.77,11
,AA6,1.15,CLV4400-No,X-10,217,220,,,460,10.23,,7,12,8,5,6.69,65,58,55,15.1,14.06,,,3.53,0.01,D_19121901,3.148,3.121,3.111,3.062,2.984,2.881,2.713,2.53,2.28,2.065,1.751,12
,AA7,1.15,CLV4400-No,X-10,217,220,,,460,10.23,,7,12,8,4.9,6.98,65,58,55,15.1,14.06,,,3.53,0.01,D_19121901,3.145,3.142,3.125,3.07,2.988,2.879,2.73,2.543,2.293,2.08,1.755,12
,AA8,1.15,CLV4400-No,X-10,217,220,,,460,10.23,,7,12,8,4.8,7.27,65,58,55,15.1,14.06,,,3.54,0.02,D_19121901,3.179,3.17,3.16,3.1,3.014,2.894,2.773,2.599,2.346,2.13,1.83,11
,AA9,1.15,CLV4400-No,X-10,217,220,,,460,10.24,,7,12,8,5.3,6.45,65,58,55,15,14.06,150.04,7.19,3.54,0.03,D_19121901,3.126,3.136,3.099,3.043,2.96,2.841,2.697,2.504,2.256,2.036,1.728,12
,AA10,1.15,CLV4400-No,X-10,217,220,,,460,10.24,,7,12,8,5.3,6.45,65,58,55,15,14.06,,,3.54,0.01,D_19121901,3.164,3.143,3.12,3.067,2.99,2.889,2.731,2.53,2.276,2.066,1.742,12
,AA11,1.15,CLV4400-No,X-10,217,220,,,460,10.24,,7,12,8,5.3,6.45,65,58,55,15,14.06,,,3.5,0.04,D_19121901,3.538,3.508,3.476,3.413,3.296,3.149,2.971,2.747,2.448,2.201,1.851,12
,AA12,1.15,CLV4400-No,X-10,217,220,,,460,10.24,,7,12,8,5.3,6.45,65,58,55,15,14.06,,,3.54,0.04,D_19121901,3.169,3.151,3.133,3.089,3.012,2.909,2.771,2.608,2.347,2.12,1.832,12
,AA13,1.15,CLV4400-No,X-10,217,220,,,460,10.27,,7,12,8,5.3,6.55,65,58,55,15.1,14.11,149.97,7.34,3.51,0.03,D_19121901,3.147,3.143,3.133,3.075,2.991,2.87,2.719,2.543,2.279,2.068,1.749,11
,AA14,1.15,CLV4400-No,X-10,217,220,,,460,10.27,,7,12,8,5.3,6.55,65,58,55,15.1,14.11,,,3.47,0.04,D_19121901,3.567,3.517,3.512,3.431,3.317,3.142,2.972,2.742,2.456,2.199,1.848,12
,AA15,1.14,CLV4400-No,X-10,217,220,,,460,10.27,,7,12,8,5.3,6.55,,,,15.1,14.11,,,3.55,0.06,D_19121901,3.135,3.129,3.107,3.056,2.985,2.856,2.742,2.558,2.309,2.092,1.78,11
,AA1P2,1.1,CLV4400_P2-No,X-10,217,220,,,460,10.27,,7,12,8,5.3,6.55,65,58,55,15.1,14.11,,,3.53,0.03,D_19121901,3.193,3.199,3.163,3.126,3.027,2.908,2.762,2.583,2.332,2.11,1.817,10
,AA2P2,1.1,CLV4400_P2-No,X-10,217,220,,,460,10.27,,7,12,8,5.1,6.5,65,58,55,15.1,14.16,150.31,6.94,3.51,0.02,D_19121901,3.219,3.162,3.154,3.113,3.017,2.898,2.739,2.559,2.309,2.082,1.768,12
,AA3P2,1.14,CLV4400_P2-No,X-10,217,220,,,460,10.27,,7,12,8,5.1,6.5,65,58,55,15.1,14.16,,,3.51,0.03,D_19121901,3.178,3.141,3.138,3.087,3.025,2.899,2.739,2.554,2.295,2.087,1.772,10
,AA4P2,1.1,CLV4400_P2-No,X-10,217,220,,,460,10.27,,7,12,8,5.1,6.5,65,58,55,15.1,14.16,,,2.52,0.02,D_19121901,3.178,3.173,3.151,3.085,3.026,2.905,2.754,2.564,2.304,2.088,1.768,12
,AA5P2,1.12,CLV4400_P2-No,X-10,217,220,,,460,10.27,,7,12,8,5.1,6.5,65,58,55,15.1,14.16,,,3.54,0.02,D_19121901,3.177,3.165,3.156,3.1,3.011,2.907,2.762,2.6,2.342,2.124,1.823,12
,AA6P2,1.12,CLV4400_P2-No,X-10,217,220,,,460,10.31,,7,12,8,5.3,6.4,65,58,55,15,14.11,150.2,6.4,"3,52",0.01,D_19121901,3.19,3.184,3.161,3.098,3.014,2.883,2.762,2.585,2.335,2.135,1.799,10
,AA7P2,1.13,CLV4400_P2-No,X-10,217,220,,,460,10.31,,7,12,8,5.3,6.4,65,58,55,15,14.11,,,3.51,0.03,D_19121901,3.136,3.144,3.128,3.073,2.989,2.868,2.712,2.541,2.284,2.081,1.767,11
,AA8P2,1.12,CLV4400_P2-No,X-10,217,220,,,460,10.31,,7,12,8,5.3,6.4,65,58,55,15,14.11,,,3.48,0.06,D_19121901,3.647,3.589,3.561,3.485,3.371,3.209,3.017,2.785,2.459,2.218,1.862,11
,AA9P2,1.11,CLV4400_P2-No,X-10,217,220,,,460,10.31,,7,12,8,5.3,6.4,65,58,55,15,14.11,,,3.53,0.04,D_19121901,3.28,3.272,3.256,3.2,3.113,2.972,2.846,2.658,2.391,2.161,1.853,11
,AA10P2,1.14,CLV4400_P2-No,X-10,217,220,,,460,10.29,,7,12,8,5.3,6.45,65,58,55,15.1,14.11,150.26,7.04,3.52,0.03,D_19121901,3.162,3.164,3.156,3.106,3.029,2.89,2.77,2.576,2.328,2.134,1.809,
,AA11P2,1.12,CLV4400_P2-No,X-10,217,220,,,460,10.29,,7,12,8,5.3,6.45,65,58,55,15.1,14.11,,,3.52,0.03,D_19121901,3.19,3.212,3.188,3.127,3.042,2.959,2.772,2.587,2.33,2.115,1.804,
,AA12P2,1.12,CLV4400_P2-No,X-10,217,220,,,460,10.29,,7,12,8,5.3,6.45,65,58,55,15.1,14.11,,,3.53,0.01,D_19121901,3.205,3.194,3.183,3.119,3.038,2.917,2.767,2.586,2.331,2.121,1.814,
,AA13P2,1.13,CLV4400_P2-No,X-10,217,220,,,460,10.29,,7,12,8,5.3,6.45,65,58,55,15.1,14.11,,,3.52,0.03,D_19121901,3.288,3.269,3.272,3.215,3.139,3.036,2.893,2.687,2.417,2.202,1.888,
,AA14P2,1.13,CLV4400_P2-No,X-10,217,220,,,460,10.28,,7,12,8,5.1,6.55,65,58,55,15,14.11,150.03,7.06,3.5,0.03,D_19121901,,,,,,,,,,,,
,AA15P2,1.13,CLV4400_P2-No,X-10,217,220,,,460,10.28,,7,12,8,5.1,6.55,65,58,55,15,14.11,,,3.49,0.04,D_19121901,,,,,,,,,,,,
,AA1P3,1.11,CLV4400_P3-No,X-10,217,220,,,460,10.28,,7,12,8,5.1,6.55,65,58,55,15,14.11,,,3.5,0.02,D_19121901,3.237,3.214,3.187,3.131,3.04,2.929,2.789,2.628,2.384,2.187,1.882,10
,AA2P3,1.13,CLV4400_P3-No,X-10,217,220,,,460,10.28,,7,12,8,5.1,6.55,65,58,55,15,14.11,,,3.5,0.04,D_19121901,3.365,3.36,3.313,3.278,3.185,3.016,2.844,2.655,2.378,2.151,1.816,11
,AA3P3,1.13,CLV4400_P3-No,X-10,217,220,,,460,10.29,,7,12,8,5.3,6.4,65,58,55,15.1,14.09,150.23,6.89,3.51,0.03,D_19121901,3.182,3.18,3.166,3.119,3.025,2.908,2.75,2.562,2.304,2.081,1.768,11
,AA4P3,1.12,CLV4400_P3-No,X-10,217,220,,,460,10.29,,7,12,8,5.3,6.4,65,58,55,15.1,14.09,,,3.48,0.05,D_19121901,3.403,3.381,3.333,3.252,3.162,2.983,2.858,2.645,2.377,2.143,1.822,11
,AA5P3,1.12,CLV4400_P3-No,X-10,217,220,,,460,10.29,,7,12,8,5.3,6.4,65,58,55,15.1,14.09,,,3.52,0.01,D_19121901,3.241,3.25,3.216,3.158,3.065,2.963,2.795,2.622,2.371,2.16,1.857,10
,AA6P3,1.12,CLV4400_P3-No,X-10,217,220,,,460,10.29,,7,12,8,5.3,6.4,65,58,55,15.1,14.09,,,3.53,0.02,D_19121901,3.177,3.167,3.139,3.093,3.015,2.898,2.733,2.567,2.296,2.083,1.772,10
,AA7P3,1.12,CLV4400_P3-No,X-10,217,220,,,460,10.31,,7,12,8,5.1,6.45,65,58,55,15.1,14.16,150.3,6.94,3.53,0.01,D_19121901,3.194,3.166,3.16,3.106,3.022,2.899,2.746,2.564,2.298,2.081,1.771,10
,AA8P3,1.12,CLV4400_P3-No,X-10,217,220,,,460,10.31,,7,12,8,5.1,6.45,65,58,55,15.1,14.16,,,3.49,0.04,D_19121901,3.412,3.394,3.351,3.277,3.182,3.078,2.876,2.657,2.369,2.147,1.81,11
,AA9P3,1.12,CLV4400_P3-No,X-10,217,220,,,460,10.31,,7,12,8,5.1,6.45,65,58,55,15.1,14.16,,,3.48,0.05,D_19121901,3.579,3.56,3.536,3.446,3.33,3.16,2.971,2.735,2.422,2.199,1.853,11
,AA10P3,1.12,CLV4400_P3-No,X-10,217,220,,,460,10.31,,7,12,8,5.1,6.45,65,58,55,15.1,14.16,,,3.54,0.06,D_19121901,3.229,3.215,3.215,3.166,3.093,2.982,2.843,2.654,2.394,2.18,1.86,11
,AA11P3,1.12,CLV4400_P3-No,X-10,217,220,,,460,10.28,,7,12,8,5.1,6.45,65,58,55,15,14.16,150.06,6.97,3.49,0.01,D_19121901,3.156,3.138,3.125,3.074,2.991,2.901,2.73,2.547,2.284,2.079,1.776,11
,AA12P3,1.12,CLV4400_P3-No,X-10,217,220,,,460,10.28,,7,12,8,5.1,6.45,65,58,55,15,14.16,,,3.46,0.03,D_19121901,3.392,3.36,3.325,3.27,3.185,3.063,2.898,2.665,2.391,2.172,1.847,11
,AA13P3,1.12,CLV4400_P3-No,X-10,217,220,,,460,10.28,,7,12,8,5.1,6.45,65,58,55,15,14.16,,,3.51,0.01,D_19121901,3.169,3.169,3.155,3.107,3.036,2.946,2.81,2.6,2.332,2.143,1.825,11
,AA14P3,1.12,CLV4400_P3-No,X-10,217,220,,,460,10.28,,7,12,8,5.1,6.45,65,58,55,15,14.16,,,3.52,0.06,D_19121901,,,,,,,,,,,,
,AA15P3,1.11,CLV4400_P3-No,X-10,217,220,,,460,10.29,,7,12,8,5.3,6.45,65,58,55,15.1,14.16,149.67,7.51,3.49,0.03,D_19121901,,,,,,,,,,,,
,AA1D,1.14,CLV4400-Yes,X-10,217,220,195,200,460,10.19,,7,12,8,5.1,6.07,65,58,55,15,14.11,150.99,6.14,3.59,0.05,D_19121901,3.029,3.062,3.03,2.979,2.914,2.823,2.664,2.478,2.229,2.011,1.725,11
,AA2D,1.14,CLV4400-Yes,X-10,217,220,195,200,460,10.19,,7,12,8,5.1,6.07,65,58,55,15,14.11,,,3.54,0.03,D_19121901,3.054,3.033,3.028,2.985,2.909,2.809,2.645,2.473,2.226,2.017,1.711,11
,AA3D,1.14,CLV4400-Yes,X-10,217,220,195,200,460,10.19,,7,12,8,5.1,6.07,65,58,55,15,14.11,,,3.6,0.02,D_19121901,3.097,3.106,3.075,3.028,2.952,2.835,2.692,2.515,2.26,2.05,1.762,11
,AA4D,1.14,CLV4400-Yes,X-10,217,220,195,200,460,10.19,,7,12,8,5.1,6.07,65,58,55,15,14.11,,,3.63,0.02,D_19121901,3.156,3.167,3.158,3.103,3.031,2.923,2.775,2.594,2.34,2.103,1.818,10
,AA5D,1.14,CLV4400-Yes,X-10,217,220,195,200,460,10.18,,7,12,8,5,6.21,65,58,55,15,14.06,151.13,5.86,3.6,0.01,D_19121901,3.192,3.173,3.163,3.102,3.024,2.913,2.762,2.556,2.287,2.065,1.743,11
,AA6D,1.14,CLV4400-Yes,X-10,217,220,195,200,460,10.18,,7,12,8,4.9,6.35,65,58,55,15,14.06,,,3.54,0.03,D_19121901,3.194,3.163,3.154,3.101,3.021,2.914,2.742,2.558,2.292,2.075,1.76,9
,AA7D,1.14,CLV4400-Yes,X-10,217,220,195,200,460,10.18,,7,12,8,4.8,6.49,65,58,55,15,14.06,,,3.61,0.01,D_19121901,3.15,3.154,3.122,3.086,3,2.899,2.737,2.538,2.272,2.066,1.774,12
,AA8D,1.14,CLV4400-Yes,X-10,217,220,195,200,460,10.18,,7,12,8,4.7,6.63,65,58,55,15,14.06,,,3.64,0.02,D_19121901,3.228,3.21,3.193,3.147,3.074,2.969,2.813,2.618,2.346,2.14,1.846,10
,AA9D,1.14,CLV4400-Yes,X-10,217,220,195,200,460,10.21,,7,12,8,5.1,6.31,65,58,55,15.1,14.11,150.89,6.27,3.55,0,D_19121901,3.144,3.146,3.127,3.057,2.988,2.854,2.73,2.532,2.279,2.06,1.746,11
,AA10D,1.14,CLV4400-Yes,X-10,217,220,195,200,460,10.21,,7,12,8,5.1,6.31,65,58,55,15.1,14.11,,,3.53,0.02,D_19121901,3.103,3.091,3.065,3.025,2.948,2.862,2.695,2.52,2.278,2.076,1.775,11
,AA11D,1.14,CLV4400-Yes,X-10,217,220,195,200,460,10.21,,7,12,8,5.1,6.31,65,58,55,15.1,14.11,,,3.56,0,D_19121901,3.138,3.157,3.145,3.097,3.021,2.902,2.753,2.58,2.328,2.109,1.781,10
,AA12D,1.14,CLV4400-Yes,X-10,217,220,195,200,460,10.21,,7,12,8,5.1,6.31,65,58,55,15.1,14.11,,,3.58,0.01,D_19121901,3.332,3.355,3.355,3.274,3.175,3.095,2.905,2.704,2.429,2.212,1.879,12
,AA13D,1.14,CLV4400-Yes,X-10,217,220,195,200,460,10.22,,7,12,8,5.3,6.4,65,58,55,15,14.16,151.03,6.22,3.59,0.01,D_19121901,3.13,3.114,3.105,3.067,2.985,2.873,2.708,2.52,2.271,2.063,1.742,11
,AA14D,1.14,CLV4400-Yes,X-10,217,220,195,200,460,10.22,,7,12,8,5.3,6.4,65,58,55,15,14.16,,,3.54,0.02,D_19121901,3.145,3.134,3.117,3.069,3.005,2.896,2.721,2.558,2.301,2.088,1.782,11
,AA15D,1.14,CLV4400-Yes,X-10,217,220,195,200,460,10.22,,7,12,8,5.3,6.4,,,,15,14.16,,,3.52,0.02,D_19121901,3.185,3.189,3.183,3.124,3.053,2.958,2.79,2.613,2.361,2.132,1.794,11
,AA1P2D,1.11,CLV4400_P2-Yes,X-10,217,220,195,200,460,10.22,,7,12,8,5.3,6.4,,,,15,14.16,,,3.57,0.03,D_19121901,NA,NA,NA,NA,NA,NA,NA,NA,NA,NA,NA,
,AA2P2D,1.11,CLV4400_P2-Yes,X-10,217,220,195,200,460,10.21,,7,12,8,5,6.26,,,,15.1,14.16,151.17,5.97,3.53,0.01,D_19121901,3.229,3.205,3.188,3.121,3.056,2.931,2.795,2.585,2.316,2.108,1.778,12
,AA3P2D,1.13,CLV4400_P2-Yes,X-10,217,220,195,200,460,10.21,,7,12,8,5,6.26,,,,15.1,14.16,,,3.49,0.06,D_19121901,3.401,3.422,3.379,3.293,3.202,3.031,2.862,2.674,2.391,2.167,1.845,11
,AA4P2D,1.12,CLV4400_P2-Yes,X-10,217,220,195,200,460,10.21,,7,12,8,5,6.26,,,,15.1,14.16,,,3.54,0.01,D_19121901,3.18,3.176,3.156,3.1,3.019,2.908,2.763,2.588,2.323,2.116,1.8,12
,AA5P2D,1.12,CLV4400_P2-Yes,X-10,217,220,195,200,460,10.21,,7,12,8,5,6.26,,,,15.1,14.16,,,3.55,0.04,D_19121901,3.245,3.235,3.229,3.179,3.105,2.985,2.842,2.649,2.392,2.174,1.863,12
,AA6P2D,1.12,CLV4400_P2-Yes,X-10,217,220,195,200,460,10.18,,7,12,8,5.3,6.26,,,,15,14.16,151.12,5.96,3.53,0.02,D_19121901,3.166,3.139,3.134,3.076,3.001,2.889,2.734,2.55,2.288,2.071,1.756,12
,AA7P2D,1.12,CLV4400_P2-Yes,X-10,217,220,195,200,460,10.18,,7,12,8,5.3,6.26,,,,15,14.16,,,3.47,0.05,D_19121901,3.597,3.545,3.519,3.435,3.31,3.18,2.939,2.731,2.426,2.187,1.841,12
,AA8P2D,1.12,CLV4400_P2-Yes,X-10,217,220,195,200,460,10.18,,7,12,8,5.3,6.26,,,,15,14.16,,,3.55,0.01,D_19121901,3.204,3.196,3.179,3.133,3.045,2.927,2.773,2.57,2.329,2.11,1.788,10
,AA9P2D,1.12,CLV4400_P2-Yes,X-10,217,220,195,200,460,10.18,,7,12,8,5.3,6.26,,,,15,14.16,,,3.54,0.03,D_19121901,3.156,3.146,3.123,3.087,2.998,2.895,2.75,2.576,2.314,2.105,1.791,11
,AA10P2D,1.12,CLV4400_P2-Yes,X-10,217,220,195,200,460,10.19,,7,12,8,5.1,6.26,,,,15.1,14.11,151.11,5.98,3.53,0.04,D_19121901,3.211,3.193,3.167,3.133,3.056,2.949,2.773,2.604,2.342,2.132,1.816,12
,AA11P2D,1.12,CLV4400_P2-Yes,X-10,217,220,195,200,460,10.19,,7,12,8,5.1,6.26,,,,15.1,14.11,,,3.55,0.01,D_19121901,3.189,3.187,3.174,"3,120",3.035,2.93,2.761,2.575,2.321,2.106,1.777,10
,AA12P2D,1.12,CLV4400_P2-Yes,X-10,217,220,195,200,460,10.19,,7,12,8,5.1,6.26,,,,15.1,14.11,,,3.55,0.01,D_19121901,3.249,3.243,3.233,3.177,3.11,2.999,2.844,2.658,2.394,2.159,1.856,10
,AA13P2D,1.11,CLV4400_P2-Yes,X-10,217,220,195,200,460,10.19,,7,12,8,5.1,6.26,,,,15.1,14.11,,,3.52,0.02,D_19121901,3.359,3.333,3.307,3.255,3.176,3.063,2.918,2.715,2.437,2.213,1.9,11
,AA14P2D,1.12,CLV4400_P2-Yes,X-10,217,220,195,200,460,10.19,,7,12,8,5.3,6.26,,,,15,14.21,151.02,6.03,3.52,0.02,D_19121901,3.222,3.192,3.165,3.112,3.035,2.913,2.77,2.584,2.333,2.109,1.793,11
,AA15P2D,1.11,CLV4400_P2-Yes,X-10,217,220,195,200,460,10.19,,7,12,8,5.3,6.26,,,,15,14.21,,,3.49,0.03,D_19121901,3.3,3.29,3.28,3.209,3.137,3.042,2.832,2.641,2.367,2.143,1.802,11
,AAA1,1.18,OQ1022-No,X-10,217,220,195,200,,10.29,,7,12,8,5.3,6.45,,,,15.1,14.16,149.67,7.51,3.5,0.03,D_19121901,3.283,3.257,3.234,3.184,3.082,2.969,2.8,2.618,2.365,2.155,1.837,8
,AAA2,1.18,OQ1022-No,X-10,217,220,195,200,,10.29,,7,12,8,5.3,6.45,,,,15.1,14.16,149.67,7.51,3.53,0.03,D_19121901,3.35,3.338,3.319,3.257,3.175,3.08,2.919,2.747,2.492,2.292,1.971,7
,AAA3,1.19,OQ1022-No,X-10,217,220,195,200,,10.29,,7,12,8,5.3,6.45,,,,15.1,14.16,149.67,7.51,3.52,0.01,D_19121901,3.298,3.27,3.277,3.247,3.179,3.065,2.944,2.782,2.52,2.304,1.963,10
,AAA4,1.18,OQ1022-No,X-10,217,220,195,200,,10.3,,7,12,8,5.3,6.45,,,,15,14.16,149.63,7.61,3.52,0.03,D_19121901,3.271,3.274,3.251,3.193,3.109,3,2.848,2.657,2.403,2.192,1.871,7
,AAA5,1.18,OQ1022-No,X-10,217,220,195,200,,10.3,,7,12,8,5.3,6.45,,,,15,14.16,149.63,7.61,3.52,0.02,D_19121901,3.279,3.269,3.253,3.196,3.113,2.984,2.83,2.634,2.385,2.187,1.881,7
,AAA6,1.18,OQ1022-No,X-10,217,220,195,200,,10.3,,7,12,8,5.3,6.45,,,,15,14.16,149.63,7.61,3.49,0.05,D_19121901,3.594,3.545,3.527,3.452,3.328,3.166,2.987,2.763,2.472,2.235,1.888,11
,AAA7,1.18,OQ1022-No,X-10,217,220,195,200,,10.3,,7,12,8,5.3,6.45,,,,15,14.16,149.63,7.61,3.48,0.06,D_19121901,3.762,3.712,3.677,3.581,3.458,3.284,3.08,2.852,2.554,2.298,1.954,11
,AAA8,1.17,OQ1022-No,X-10,217,220,195,200,,10.27,,7,12,8,5.1,6.5,,,,15.3,14.16,149.45,7.67,3.49,0.04,D_19121901,3.309,3.283,3.271,3.211,3.114,2.999,2.837,2.657,2.397,2.194,1.87,5
,AAA9,1.17,OQ1022-No,X-10,217,220,195,200,,10.27,,7,12,8,5.1,6.5,,,,15.3,14.16,149.45,7.67,3.45,0.04,D_19121901,3.64,3.611,3.558,3.466,3.347,3.188,2.999,2.773,2.473,2.231,1.893,11
,AAA10,1.18,OQ1022-No,X-10,217,220,195,200,,10.27,,7,12,8,5.1,6.5,,,,15.3,14.16,149.45,7.67,3.51,0.03,D_19121901,3.385,3.36,3.375,3.317,3.235,3.083,2.969,2.764,2.489,2.272,1.937,10
,AAA11,1.17,OQ1022-No,X-10,217,220,195,200,,10.27,,7,12,8,5.1,6.5,,,,15.3,14.16,149.45,7.67,3.53,0.04,D_19121901,3.337,3.307,3.285,3.243,3.17,3.061,2.924,2.742,2.491,2.306,1.972,8
,AAA12,1.17,OQ1022-No,X-10,217,220,195,200,,10.27,,7,12,8,5.3,6.5,,,,15.1,14.11,149.58,7.63,3.52,0.04,D_19121901,3.288,3.273,3.266,3.195,3.123,3.007,2.855,2.665,2.398,2.188,1.864,6
,AAA13,1.18,OQ1022-No,X-10,217,220,195,200,,10.27,,7,12,8,5.3,6.5,,,,15.1,14.11,149.58,7.63,3.49,0.06,D_19121901,3.333,3.329,3.293,3.259,3.177,3.037,2.905,2.709,2.434,2.194,1.86,10
,AAA14,1.18,OQ1022-No,X-10,217,220,195,200,,10.27,,7,12,8,5.3,6.5,,,,15.1,14.11,149.58,7.63,3.49,0.05,D_19121901,3.699,3.647,3.632,3.56,3.43,3.277,3.051,2.836,2.514,2.278,1.909,11
,AAA15,1.17,OQ1022-No,X-10,217,220,195,200,,10.27,,7,12,8,5.3,6.5,,,,15.1,14.11,149.58,7.63,3.53,0.05,D_19121901,3.432,3.415,3.396,3.336,3.25,3.108,2.981,2.802,2.515,2.299,1.964,10
,AAA1P2,1.22,OQ1022_P2-No,X-10,217,220,195,200,,10.24,,7,12,8,5.1,6.45,,,,15.1,14.11,149.38,7.73,3.53,0,D_19121901,3.345,3.314,3.272,3.225,3.128,3.006,2.852,2.657,2.385,2.167,1.843,5
,AAA2P2,1.22,OQ1022_P2-No,X-10,217,220,195,200,,10.24,,7,12,8,5.1,6.45,,,,15.1,14.11,149.38,7.73,3.51,0.05,D_19121901,3.357,3.351,3.342,3.284,3.205,3.038,2.915,2.724,2.449,2.212,1.872,8
,AAA3P2,1.21,OQ1022_P2-No,X-10,217,220,195,200,,10.24,,7,12,8,5.1,6.45,,,,15.1,14.11,149.38,7.73,3.5,0.04,D_19121901,3.672,3.609,3.569,3.485,3.367,3.21,3.025,2.786,2.486,2.241,1.89,12
,AAA4P2,1.21,OQ1022_P2-No,X-10,217,220,195,200,,10.24,,7,12,8,5.1,6.45,,,,15.1,14.11,149.38,7.73,3.51,0.05,D_19121901,3.679,3.654,3.617,3.534,3.412,3.205,3.066,2.836,2.52,2.285,1.951,12
,AAA5P2,1.21,OQ1022_P2-No,X-10,217,220,195,200,,10.24,,7,12,8,5.1,6.5,,,,15.1,14.16,149.5,7.72,3.53,0.02,D_19121901,3.281,3.271,3.255,3.186,3.102,2.977,2.804,2.641,2.377,2.15,1.838,4
,AAA6P2,1.21,OQ1022_P2-No,X-10,217,220,195,200,,10.24,,7,12,8,5.1,6.5,,,,15.1,14.16,149.5,7.72,3.54,0.02,D_19121901,3.279,3.299,3.3,3.239,3.176,3.005,2.892,2.699,2.432,2.213,1.883,
,AAA7P2,1.22,OQ1022_P2-No,X-10,217,220,195,200,,10.24,,7,12,8,5.1,6.5,,,,15.1,14.16,149.5,7.72,3.51,0.06,D_19121901,3.404,3.421,3.393,3.335,3.248,3.044,2.966,2.757,2.481,2.266,1.932,
,AAA8P2,1.21,OQ1022_P2-No,X-10,217,220,195,200,,10.24,,7,12,8,5.1,6.5,,,,15.1,14.16,149.5,7.72,3.53,0.06,D_19121901,3.324,3.357,3.362,3.293,3.235,3.093,3.003,2.818,2.572,2.343,2.02,
,AAA9P2,1.2,OQ1022_P2-No,X-10,217,220,195,200,,10.23,,7,12,8,5.3,6.55,,,,15,14.16,149.4,7.77,3.51,0.04,D_19121901,3.285,3.255,3.232,3.17,3.089,2.962,2.817,2.627,2.366,2.18,1.86,
,AAA10P2,1.21,OQ1022_P2-No,X-10,217,220,195,200,,10.23,,7,12,8,5.3,6.55,,,,15,14.16,149.4,7.77,3.48,0.06,D_19121901,3.627,3.567,3.566,3.485,3.358,3.123,3.024,2.786,2.498,2.272,1.925,3
,AAA11P2,1.21,OQ1022_P2-No,X-10,217,220,195,200,,10.23,,7,12,8,5.3,6.55,,,,15,14.16,149.4,7.77,3.5,0.03,D_19121901,3.695,3.615,3.599,3.505,3.374,3.191,3.029,2.809,2.509,2.286,1.943,
,AAA12P2,1.21,OQ1022_P2-No,X-10,217,220,195,200,,10.23,,7,12,8,5.3,6.55,,,,15,14.16,149.4,7.77,3.48,0.07,D_19121901,3.765,3.723,3.692,3.628,3.507,3.35,3.148,2.9,2.584,2.34,1.99,11
,AAA13P2,1.21,OQ1022_P2-No,X-10,217,220,195,200,,10.19,,7,12,8,5.3,6.5,,,,15,14.16,149.62,7.58,3.52,0.02,D_19121901,,,,,,,,,,,,
,AAA14P2,1.21,OQ1022_P2-No,X-10,217,220,195,200,,10.19,,7,12,8,5.3,6.5,,,,15,14.16,149.62,7.58,3.49,0.04,D_19121901,,,,,,,,,,,,
,AAA15P2,1.21,OQ1022_P2-No,X-10,217,220,195,200,,10.19,,7,12,8,5.3,6.5,,,,15,14.16,149.62,7.58,3.52,0.04,D_19121901,,,,,,,,,,,,
,AAA1D,1.18,OQ1022-Yes,X-10,217,220,195,200,,10.19,,7,12,8,5.1,6.26,65,58,55,15.1,14.21,151.02,6.03,3.55,0.04,D_19121901,3.375,3.369,3.321,3.287,3.199,3.086,2.95,2.762,2.504,2.291,1.943,8
,AAA2D,1.18,OQ1022-Yes,X-10,217,220,195,200,,10.19,,7,12,8,5.1,6.26,65,58,55,15.1,14.21,151.02,6.03,3.54,0.04,D_19121901,3.311,3.288,3.281,"3,223",3.157,3.039,2.919,2.736,2.487,2.277,1.963,10
,AAA3D,1.18,OQ1022-Yes,X-10,217,220,195,200,,10.18,,7,12,8,5.1,6.4,65,58,55,15,14.16,150.55,6.52,3.51,0.06,D_19121901,3.4,3.37,3.375,3.313,3.229,3.095,2.935,2.721,2.449,2.22,1.87,12
,AAA4D,1.18,OQ1022-Yes,X-10,217,220,195,200,,10.18,,7,12,8,5.1,6.4,65,58,55,15,14.16,,,3.49,0.06,D_19121901,3.411,3.406,3.405,3.331,3.242,3.142,2.942,2.735,2.452,2.215,1.874,11
,AAA5D,1.18,OQ1022-Yes,X-10,217,220,195,200,,10.18,,7,12,8,5.1,6.4,65,58,55,15,14.16,,,3.5,0.06,D_19121901,3.654,3.596,3.543,3.449,3.343,3.2,2.992,2.778,2.479,2.243,1.89,12
,AAA6D,1.18,OQ1022-Yes,X-10,217,220,195,200,,10.18,,7,12,8,5.1,6.4,65,58,55,15,14.16,,,3.54,0.04,D_19121901,3.437,3.42,3.39,3.343,3.272,3.162,3.002,2.825,2.553,2.317,1.982,10
,AAA7D,1.18,OQ1022-Yes,X-10,217,220,195,200,,10.17,,7,12,8,5.1,6.35,65,58,55,15,14.06,150.75,6.39,3.52,0.04,D_19121901,3.32,3.307,3.281,3.221,3.129,3.005,2.847,2.661,2.392,2.185,1.864,6
,AAA8D,1.18,OQ1022-Yes,X-10,217,220,195,200,,10.17,,7,12,8,5.1,6.35,65,58,55,15,14.06,,,3.53,0.04,D_19121901,3.306,3.271,3.244,3.199,3.121,3.011,2.843,2.656,2.402,2.189,1.873,6
,AAA9D,1.18,OQ1022-Yes,X-10,217,220,195,200,,10.17,,7,12,8,5.1,6.35,65,58,55,15,14.06,,,3.53,0.02,D_19121901,3.526,3.502,3.448,3.387,3.299,3.145,2.958,2.76,2.457,2.228,1.89,12
,AAA10D,1.18,OQ1022-Yes,X-10,217,220,195,200,,10.17,,7,12,8,5.1,6.35,65,58,55,15,14.06,,,3.55,0.01,D_19121901,NA,NA,NA,NA,NA,NA,NA,NA,NA,NA,NA,
,AAA11D,1.18,OQ1022-Yes,X-10,217,220,195,200,,10.14,,7,12,8,5.1,6.44,65,58,55,15.1,14.16,150.71,6.44,3.53,0.03,D_19121901,3.319,3.289,3.257,3.21,3.123,3.009,2.844,2.651,2.383,2.159,1.827,4
,AAA12D,1.18,OQ1022-Yes,X-10,217,220,195,200,,10.14,,7,12,8,5.1,6.44,65,58,55,15.1,14.16,,,3.52,0.04,D_19121901,3.321,3.29,3.275,3.218,3.134,3.02,2.854,2.682,2.427,2.217,1.892,8
,AAA13D,1.18,OQ1022-Yes,X-10,217,220,195,200,,10.14,,7,12,8,5.1,6.44,65,58,55,15.1,14.16,,,3.52,0.01,D_19121901,3.292,3.273,3.244,3.204,3.122,2.998,2.842,2.68,2.421,2.214,1.903,5
,AAA14D,1.17,OQ1022-Yes,X-10,217,220,195,200,,10.14,,7,12,8,5.1,6.44,65,58,55,15.1,14.16,,,3.54,0.03,D_19121901,3.356,3.321,3.299,3.257,3.178,3.06,2.923,2.752,2.505,2.287,1.965,7
,AAA15D,1.18,OQ1022-Yes,X-10,217,220,195,200,,10.12,,7,12,8,5.1,6.4,65,58,55,15,14.16,150.42,6.72,3.52,0.04,D_19121901,3.325,3.297,3.277,3.232,3.154,3.041,2.876,2.683,2.408,2.179,1.839,6
,AAA1P2D,1.21,OQ1022_P2-Yes,X-10,217,220,195,200,,10.12,,7,12,8,5.1,6.4,65,58,55,15,14.16,,,3.49,0.04,D_19121901,3.435,3.408,3.382,3.32,3.245,3.111,2.931,2.729,2.447,2.226,1.873,8
,AAA2P2D,1.21,OQ1022_P2-Yes,X-10,217,220,195,200,,10.12,,7,12,8,5.1,6.4,65,58,55,15,14.16,,,3.48,0.05,D_19121901,3.646,3.572,3.541,3.459,3.339,3.199,2.996,2.78,2.481,2.258,1.915,12
,AAA3P2D,1.21,OQ1022_P2-Yes,X-10,217,220,195,200,,10.12,,7,12,8,5.1,6.4,65,58,55,15,14.16,,,3.51,0.05,D_19121901,3.706,3.655,3.622,3.523,3.407,3.277,3.029,2.82,2.516,2.282,1.947,12
,AAA4P2D,1.21,OQ1022_P2-Yes,X-10,217,220,195,200,,10.13,,7,12,8,5.1,6.45,65,58,55,15,14.21,150.47,6.83,3.48,0.05,D_19121901,3.489,3.473,3.434,3.375,3.278,3.155,2.984,2.744,2.447,2.22,1.884,10
,AAA5P2D,1.21,OQ1022_P2-Yes,X-10,217,220,195,200,,10.13,,7,12,8,5.1,6.45,65,58,55,15,14.21,,,3.53,0.01,D_19121901,3.29,3.283,3.235,3.172,3.094,2.99,2.821,2.644,2.397,2.176,1.845,5
,AAA6P2D,1.21,OQ1022_P2-Yes,X-10,217,220,195,200,,10.13,,7,12,8,5.1,6.45,65,58,55,15,14.21,,,3.49,0.05,D_19121901,3.723,3.675,3.637,3.541,3.419,3.236,3.06,2.823,2.518,2.273,1.922,12
,AAA7P2D,1.22,OQ1022_P2-Yes,X-10,217,220,195,200,,10.13,,7,12,8,5.1,6.45,65,58,55,15,14.21,,,3.49,0.03,D_19121901,3.792,3.713,3.663,3.589,3.474,3.315,3.097,2.868,2.546,2.295,1.961,12
,AAA8P2D,1.21,OQ1022_P2-Yes,X-10,217,220,195,200,,10.1,,7,12,8,5.1,6.4,65,58,55,15.1,14.16,150.5,6.7,3.48,0.04,D_19121901,3.547,3.506,3.489,3.415,3.297,3.133,2.975,2.771,2.472,2.237,1.875,12
,AAA9P2D,1.21,OQ1022_P2-Yes,X-10,217,220,195,200,,10.1,,7,12,8,5.1,6.4,65,58,55,15.1,14.16,,,3.52,0.03,D_19121901,3.392,3.394,3.36,3.313,3.227,3.14,2.928,2.735,2.452,2.223,1.871,7
,AAA10P2D,1.21,OQ1022_P2-Yes,X-10,217,220,195,200,,10.1,,7,12,8,5.1,6.4,65,58,55,15.1,14.16,,,3.54,0.04,D_19121901,3.318,3.291,3.278,3.229,3.163,3.049,2.897,2.702,2.45,2.228,1.911,6
,AAA11P2D,1.21,OQ1022_P2-Yes,X-10,217,220,195,200,,10.1,,7,12,8,5.1,6.4,65,58,55,15.1,14.16,,,3.55,0.03,D_19121901,3.482,3.446,3.454,3.403,3.304,3.166,2.994,2.803,2.517,2.283,1.969,11
,AAA12P2D,1.21,OQ1022_P2-Yes,X-10,217,220,195,200,,10.1,,7,12,8,5.1,6.45,65,58,55,15,14.16,150.64,6.56,3.52,0.02,D_19121901,3.332,3.309,3.282,3.221,3.133,3.016,2.849,2.663,2.401,2.186,1.856,4
,AAA13P2D,1.22,OQ1022_P2-Yes,X-10,217,220,195,200,,10.1,,7,12,8,5.1,6.45,65,58,55,15,14.16,,,3.47,0.06,D_19121901,3.443,3.389,3.405,3.348,3.236,3.128,2.921,2.733,2.459,2.219,1.887,12
,AAA14P2D,1.22,OQ1022_P2-Yes,X-10,217,220,195,200,,10.1,,7,12,8,5.1,6.45,65,58,55,15,14.16,,,3.48,0.03,D_19121901,3.681,3.636,3.599,3.511,3.37,3.223,3.031,2.796,2.502,2.253,1.911,12
,AAA15P2D,N/A,OQ1022_P2-Yes,X-10,217,220,195,200,,10.1,,7,12,8,5.1,6.45,65,58,55,15,14.16,,,N/A,N/A,D_19121901,NA,NA,NA,NA,NA,NA,NA,NA,NA,NA,NA,
3/3/2021,,,CLV1000-Yes_Run2,R&D 2-Cav,217,220,205,210,460,10.66,325,3.5,12-Jul,8,3.6,7.9,65,58,55,14.25,12.2,70.37,9.6,3.51,0.02,D_26012101,4.529,4.55,4.515,4.442,4.311,4.126,3.927,3.637,3.29,2.875,2.396,11
,,,CLV1000-Yes_Run2,R&D 2-Cav,217,220,205,210,460,10.66,325,3.5,12-Jul,8,3.6,7.9,65,58,55,14.11,12.3,70.37,9.58,3.51,0.06,D_26012101,4.498,4.528,4.494,4.422,4.279,4.101,3.903,3.598,3.255,2.852,2.378,11
,,,CLV1000-Yes_Run2,R&D 2-Cav,217,220,205,210,460,10.75,325,3.5,12-Jul,8,3.6,8.04,65,58,55,14.12,12.1,70.34,9.51,3.53,0.04,D_26012101,4.51,4.526,4.507,4.42,4.282,4.114,3.896,3.606,3.271,2.858,2.399,11
,,,CLV1000-Yes_Run2,R&D 2-Cav,217,220,205,210,460,10.75,325,3.5,12-Jul,8,3.6,8.04,65,58,55,14.16,12.1,70.32,9.58,3.53,0.02,D_26012101,4.515,4.531,4.503,4.434,4.307,4.127,3.91,3.613,3.276,2.865,2.393,11
,,,CLV1000-Yes_Run2,R&D 2-Cav,217,220,205,210,460,10.74,325,3.5,12-Jul,8,3.6,7.94,65,58,55,14.16,12.2,70.26,9.7,3.51,0.04,D_26012101,4.63,4.657,4.603,4.52,4.368,4.182,3.953,3.649,3.302,2.876,2.398,11
,,,CLV1000-Yes_Run2,R&D 2-Cav,217,220,205,210,460,10.74,325,3.5,12-Jul,8,3.6,7.94,65,58,55,14.11,12.2,70.24,9.69,3.51,0.04,D_26012101,4.615,4.634,4.592,4.505,4.368,4.198,3.979,3.671,3.329,2.903,2.432,11
,,,CLV1000-Yes_Run2,R&D 2-Cav,217,220,205,210,460,10.73,325,3.5,12-Jul,8,3.6,7.85,65,58,55,14.11,12.2,70.24,9.75,3.51,0.01,D_26012101,4.6,4.592,4.566,4.491,4.345,4.172,3.968,3.665,3.32,2.902,2.44,11
,,,CLV1000-Yes_Run2,R&D 2-Cav,217,220,205,210,460,10.73,325,3.5,12-Jul,8,3.6,7.85,65,58,55,14.16,12.3,70.32,9.76,3.54,0,D_26012101,4.57,4.584,4.557,4.465,4.325,4.119,3.911,3.617,3.274,2.85,2.373,11
,,,CLV1000-Yes_Run2,R&D 2-Cav,217,220,205,210,460,10.76,325,3.5,12-Jul,8,3.6,7.94,65,58,55,14.11,12.3,70.27,9.75,3.51,0.02,D_26012101,4.574,4.599,4.554,4.502,4.358,4.177,3.939,3.645,3.298,2.883,2.414,11
,,,CLV1000-Yes_Run2,R&D 2-Cav,217,220,205,210,460,10.76,325,3.5,12-Jul,8,3.6,7.94,65,58,55,14.11,12.2,70.34,9.69,3.53,0.03,D_26012101,4.638,4.647,4.601,4.521,4.389,4.203,3.98,3.666,3.316,2.891,2.419,11
,,,CLV1000-Yes_Run2,R&D 2-Cav,217,220,205,210,460,10.79,325,3.5,12-Jul,8,3.6,7.99,65,58,55,14.11,12.1,70.24,9.75,3.53,0.02,D_26012101,4.658,4.639,4.615,4.526,4.382,4.194,3.976,3.667,3.318,2.899,2.421,11
,,,CLV1000-Yes_Run2,R&D 2-Cav,217,220,205,210,460,10.79,325,3.5,12-Jul,8,3.6,7.99,65,58,55,14.16,12.2,70.32,9.79,3.5,0.02,D_26012101,4.615,4.61,4.588,4.514,4.365,4.194,3.984,3.681,3.323,2.9,2.418,11
,,,CLV1000-Yes_Run2,R&D 2-Cav,217,220,205,210,460,10.79,325,3.5,12-Jul,8,3.6,7.9,65,58,55,14.16,12.2,70.3,9.75,3.52,0.04,D_26012101,4.65,4.656,4.623,4.536,4.398,4.216,4.019,3.699,3.344,2.901,2.421,11
,,,CLV1000-Yes_Run2,R&D 2-Cav,217,220,205,210,460,10.67,,,,,,7.8,65,58,55,14.16,12.2,70.3,9.8,3.53,0.04,D_26012101,4.595,4.616,4.572,4.499,4.346,4.172,3.97,3.656,3.301,2.875,2.399,11
,,,CLV1000-Yes_Run2,R&D 2-Cav,217,220,205,210,460,10.7,,,,,,7.85,65,58,55,14.16,12.2,70.34,9.59,3.53,0.03,D_26012101,4.659,4.662,4.635,4.551,4.399,4.22,4.016,3.683,3.3323,2.898,2.41,11
,,,CLV1000-Yes_Run2,R&D 2-Cav,217,220,205,210,460,10.63,,,,,,7.8,65,58,55,14.16,12.2,70.31,9.66,3.52,0.03,D_26012101,4.67,4.679,4.648,4.572,4.422,4.237,4.027,3.704,3.353,2.927,2.437,11
,,,CLV1000-Yes_Run2,R&D 2-Cav,217,220,205,210,460,10.59,,,,,,7.8,65,58,55,14.11,12.2,70.31,9.66,3.51,0.02,D_26012101,4.626,4.64,4.615,4.535,4.39,4.204,3.995,3.682,3.322,2.899,2.418,11
,,,CLV1000-Yes_Run2,R&D 2-Cav,217,220,205,210,460,10.56,,,,,,7.9,65,58,55,14.11,12.2,70.41,9.77,3.5,0.04,D_26012101,4.601,4.581,4.548,4.468,4.344,4.156,3.941,3.64,3.288,2.873,2.399,11
,,,CLV1000-Yes_Run2,R&D 2-Cav,217,220,205,210,460,10.7,,,,,,7.85,65,58,55,14.11,12.2,70.3,9.73,3.52,0.04,D_26012101,4.595,4.608,4.59,4.503,4.353,4.169,3.961,3.661,3.315,2.896,2.42,11
,,,CLV1000-Yes_Run2,R&D 2-Cav,217,220,205,210,460,10.79,,,,,,7.88,65,58,55,14.11,12.2,70.3,9.69,3.54,0.02,D_26012101,4.645,4.664,4.634,4.539,4.39,4.21,3.978,3.683,3.329,2.903,2.426,11
,,,CLV1000-Yes_Run2,R&D 2-Cav,217,220,205,210,460,10.66,,,,,,7.85,65,58,55,14.11,12.2,70.31,9.69,3.51,0.04,D_26012101,4.629,4.644,4.617,4.538,4.397,4.202,3.989,3.684,3.331,2.907,2.424,11
,,,CLV1000-Yes_Run2,R&D 2-Cav,217,220,205,210,460,10.79,325,3.5,12-Jul,8,3.6,7.9,65,58,55,14.11,12.3,70.3,9.73,3.53,0.03,D_26012101,4.646,4.658,4.63,4.549,4.402,4.218,4.007,3.703,3.353,2.923,2.431,11
,,,CLV1000-Yes_Run2,R&D 2-Cav,217,220,205,210,460,10.72,,,,,,7.9,65,58,55,14.11,12.1,70.3,9.7,3.52,0.04,D_26012101,4.61,4.61,4.578,4.499,4.348,4.162,3.934,3.627,3.281,2.854,2.391,11
,,,CLV1000-Yes_Run2,R&D 2-Cav,217,220,,,460,10.86,325,3.5,12-Jul,8,3.6,7.85,65,58,55,14.16,12.2,70.34,9.73,3.53,0.04,D_26012101,4.608,4.607,4.589,4.514,4.368,4.208,3.99,3.687,3.33,2.907,2.429,11
3/3/2021,,,CLV1000-No_Run2,R&D 2-Cav,217,220,205,210,460,10.79,325,3.5,12-Jul,8,3.6,7.85,65,58,55,14.11,12.2,70.44,9.56,,,D_26012101,4.458,4.47,4.425,4.354,4.215,4.045,3.83,3.55,3.223,2.829,2.379,9
,,,CLV1000-No_Run2,R&D 2-Cav,217,220,205,210,460,10.79,325,3.5,12-Jul,8,3.6,7.94,65,58,55,14.11,12.3,70.41,9.67,,,D_26012101,4.427,4.445,4.416,4.323,4.186,3.996,3.796,3.494,3.16,2.771,2.323,4
,,,CLV1000-No_Run2,R&D 2-Cav,217,220,205,210,460,10.79,325,3.5,12-Jul,8,3.6,7.85,65,58,55,14.11,12.2,70.27,9.6,,,D_26012101,4.419,4.446,4.387,4.325,4.184,4.031,3.826,3.525,3.2,2.793,2.334,7
,,,CLV1000-No_Run2,R&D 2-Cav,217,220,205,210,460,10.74,325,3.5,12-Jul,8,3.6,7.85,65,58,55,14.11,12.1,70.34,9.59,,,D_26012101,4.48,4.509,4.472,4.379,4.243,4.065,3.846,3.557,3.229,2.822,2.354,8
,,,CLV1000-No_Run2,R&D 2-Cav,217,220,205,210,460,10.73,325,3.5,12-Jul,8,3.6,7.94,65,58,55,14.16,12.2,70.24,9.75,,,D_26012101,4.459,4.467,4.419,4.32,4.172,4.078,3.751,3.444,3.194,2.762,2.324,8
,,,CLV1000-No_Run2,R&D 2-Cav,217,220,205,210,460,10.73,325,3.5,12-Jul,8,3.6,7.94,65,58,55,14.16,12.2,70.37,9.83,,,D_26012101,4.484,4.51,4.464,4.386,4.25,4.082,3.895,3.566,3.245,2.865,2.399,9
,,,CLV1000-No_Run2,R&D 2-Cav,217,220,205,210,460,10.79,325,3.5,12-Jul,8,3.6,7.94,65,58,55,14.11,12.3,70.44,9.8,,,D_26012101,4.442,4.457,4.42,4.338,4.2,4.02,3.813,3.522,3.191,2.801,2.351,
,,,CLV1000-No_Run2,R&D 2-Cav,217,220,205,210,460,10.79,325,3.5,12-Jul,8,3.6,7.85,65,58,55,14.16,12.2,70.37,9.77,,,D_26012101,4.449,4.477,4.429,4.352,4.214,4.048,3.836,3.541,3.215,2.807,2.344,
,,,CLV1000-No_Run2,R&D 2-Cav,217,220,205,210,460,10.79,325,3.5,12-Jul,8,3.6,7.94,65,58,55,14.11,12.3,70.37,9.69,,,D_26012101,NA,NA,NA,NA,NA,NA,NA,NA,NA,NA,NA,
,,,CLV1000-No_Run2,R&D 2-Cav,217,220,,,460,10.79,325,3.5,12-Jul,8,3.6,7.94,65,58,55,14.16,12.2,70.37,9.69,,,D_26012101,4.442,4.462,4.391,4.331,4.193,4.001,3.818,3.516,3.188,2.782,2.323,8
3/3/2021,,,OQ1022-Yes_Run2,R&D 2-Cav,217,220,205,210,460,10.53,325,3.5,12-Jul,8,3.6,7.85,65,58,55,14.2,12.2,70.31,9.6,3.52,0.02,D_26012101,4.517,4.546,4.504,4.427,4.286,4.089,3.888,3.587,3.268,2.856,2.386,11
,,,OQ1022-Yes_Run2,R&D 2-Cav,217,220,205,210,460,10.53,325,3.5,12-Jul,8,3.6,7.75,65,58,55,14.16,12.3,70.31,9.58,3.51,0.03,D_26012101,4.587,4.61,4.575,4.505,4.372,4.192,3.989,3.682,3.338,2.916,2.454,11
,,,OQ1022-Yes_Run2,R&D 2-Cav,217,220,205,210,460,10.43,325,3.5,12-Jul,8,3.6,7.65,65,58,55,14.21,12.1,70.34,9.51,3.55,0.01,D_26012101,4.617,4.626,4.599,4.515,4.373,4.197,3.977,3.686,3.344,2.934,2.453,11
,,,OQ1022-Yes_Run2,R&D 2-Cav,217,220,205,210,460,10.47,325,3.5,12-Jul,8,3.6,7.7,65,58,55,14.16,12.1,70.32,9.58,3.51,0.02,D_26012101,4.591,4.609,4.566,4.493,4.358,4.177,3.974,3.692,3.346,2.931,2.444,11
,,,OQ1022-Yes_Run2,R&D 2-Cav,217,220,205,210,460,10.42,325,3.5,12-Jul,8,3.6,7.9,65,58,55,14.21,12.2,70.26,9.7,3.51,0.02,D_26012101,4.646,4.658,4.626,4.545,4.398,4.225,4.006,3.703,3.347,2.925,2.44,11
,,,OQ1022-Yes_Run2,R&D 2-Cav,217,220,205,210,460,10.36,325,3.5,12-Jul,8,3.6,7.7,65,58,55,14.16,12.2,70.24,9.69,3.53,0.01,D_26012101,4.601,4.584,4.562,4.481,4.338,4.152,3.935,3.631,3.291,2.867,2.412,9
,,,OQ1022-Yes_Run2,R&D 2-Cav,217,220,205,210,460,10.38,325,3.5,12-Jul,8,3.6,7.7,65,58,55,14.11,12.2,70.24,9.75,3.51,0.04,D_26012101,4.639,4.647,4.603,4.517,4.362,4.186,3.964,3.674,3.342,2.933,2.464,11
,,,OQ1022-Yes_Run2,R&D 2-Cav,217,220,205,210,460,10.36,325,3.5,12-Jul,8,3.8,7.65,65,58,55,14.2,12.3,70.32,9.76,3.51,0.01,D_26012101,4.606,4.612,4.582,4.484,4.338,4.143,3.921,3.63,3.302,2.903,2.435,10
,,,OQ1022-Yes_Run2,R&D 2-Cav,217,220,205,210,460,10.41,325,3.5,12-Jul,8,3.8,7.85,65,58,55,14.11,12.3,70.32,9.75,3.5,0,D_26012101,4.579,4.595,4.565,4.479,4.337,4.163,3.933,3.62,3.296,2.878,2.406,9
,,,OQ1022-Yes_Run2,R&D 2-Cav,217,220,205,210,460,10.42,325,3.5,12-Jul,8,3.8,7.7,65,58,55,14.11,12.2,70.27,9.66,3.54,0.03,D_26012101,4.594,4.604,4.573,4.483,4.344,4.165,3.968,3.646,3.305,2.888,2.404,11
,,,OQ1022-Yes_Run2,R&D 2-Cav,217,220,205,210,460,10.41,325,3.5,12-Jul,8,3.6,7.8,65,58,55,14.16,12.1,70.26,9.63,3.53,0.04,D_26012101,4.628,4.644,4.598,4.518,4.374,4.182,3.976,3.675,3.33,2.899,2.424,10
,,,OQ1022-Yes_Run2,R&D 2-Cav,217,220,205,210,460,10.52,325,3.5,12-Jul,8,3.6,7.8,65,58,55,14.16,12.2,70.31,9.78,3.51,0.03,D_26012101,4.582,4.59,4.559,4.475,4.32,4.126,3.906,3.612,3.278,2.873,2.404,8
,,,OQ1022-Yes_Run2,R&D 2-Cav,217,220,205,210,460,10.52,325,3.5,12-Jul,8,3.8,7.9,65,58,55,14.11,12.2,70.25,9.73,3.52,0.03,D_26012101,4.606,4.613,4.571,4.486,4.349,4.166,3.931,3.636,3.303,2.895,2.431,7
,,,OQ1022-Yes_Run2,R&D 2-Cav,217,220,205,210,460,10.52,325,3.5,12-Jul,8,3.8,7.85,65,58,55,14.11,12.3,70.31,9.66,3.51,0.02,D_26012101,4.573,4.577,4.53,4.447,4.297,4.127,3.89,3.597,3.264,2.858,2.397,10
,,,OQ1022-Yes_Run2,R&D 2-Cav,217,220,205,210,460,,325,3.5,12-Jul,8,3.8,7.85,65,58,55,14.21,12.3,70.34,9.66,3.52,0.03,D_26012101,4.55,4.564,4.518,4.437,4.295,4.105,3.885,3.583,3.247,2.856,2.403,10
,,,OQ1022-Yes_Run2,R&D 2-Cav,217,220,205,210,460,,325,3.5,12-Jul,8,3.8,7.8,65,58,55,14.11,12.1,70.28,9.69,3.53,0.01,D_26012101,4.527,4.538,4.492,4.41,4.266,4.093,3.886,3.581,3.25,2.856,2.413,11
,,,OQ1022-Yes_Run2,R&D 2-Cav,217,220,205,210,460,,325,3.5,12-Jul,8,3.8,7.9,65,58,55,14.21,12.1,70.31,9.6,3.54,0.04,D_26012101,4.503,4.506,4.475,4.395,4.254,4.065,3.848,3.555,3.223,2.821,2.352,10
,,,OQ1022-Yes_Run2,R&D 2-Cav,217,220,205,210,460,,325,3.5,12-Jul,8,3.8,7.85,65,58,55,14.11,12.2,70.38,9.6,3.54,0.02,D_26012101,4.738,4.754,4.716,4.625,4.468,4.268,4.052,3.748,3.385,2.962,2.471,11
,,,OQ1022-Yes_Run2,R&D 2-Cav,217,220,205,210,460,,325,3.5,12-Jul,8,3.8,7.75,65,58,55,14.16,12.2,70.32,9.59,3.53,0.02,D_26012101,4.479,4.487,4.477,4.382,4.239,4.054,3.844,3.551,3.229,2.827,2.368,10
,,,OQ1022-Yes_Run2,R&D 2-Cav,217,220,205,210,460,,325,3.5,12-Jul,8,3.8,7.85,65,58,55,14.22,12.3,70.31,9.68,3.52,0.03,D_26012101,4.555,4.57,4.512,4.436,4.282,4.114,3.881,3.578,3.239,2.826,2.36,9
,,,OQ1022-Yes_Run2,R&D 2-Cav,217,220,205,210,460,,325,3.5,12-Jul,8,3.8,7.9,65,58,55,14.16,12.3,70.31,9.64,3.52,0,D_26012101,4.55,4.569,4.528,4438,4.293,4.115,3.901,3.594,3.27,2.839,2.385,11
,,,OQ1022-Yes_Run2,R&D 2-Cav,217,220,205,210,460,,325,3.5,12-Jul,8,3.8,7.66,65,58,55,14.11,12.1,70.31,9.59,3.52,0.02,D_26012101,4.695,4.711,4.67,4.592,4.422,4.232,3.989,3.667,3.31,2.88,2.405,11
,,,OQ1022-Yes_Run2,R&D 2-Cav,217,220,205,210,460,,325,3.5,13-Jul,8,3.8,7.88,65,58,55,14.11,,70.33,9.69,3.53,0.02,D_26012101,4.582,4.594,4.556,4.382,4.324,4.141,3.92,3.617,3.281,2.868,2.401,
,,,OQ1022-Yes_Run2,R&D 2-Cav,217,220,205,210,460,10.52,325,3.5,13-Jul,8,3.8,7.85,65,58,55,14.11,12.3,70.31,9.66,3.53,0.02,D_26012101,4.578,4.586,4.54,4.465,4.332,4.145,3.956,3.643,3.298,2.882,2.396,9
,,,OQ1022-Yes_Run2,R&D 2-Cav,217,220,205,210,460,10.52,325,3.5,12-Jul,8,3.6,7.9,65,58,55,14.21,12.2,70.34,9.66,3.52,0.04,D_26012101,4.64,4.639,4.599,4.517,4.374,4.205,3.986,3.687,3.346,2.934,2.457,11
3/4/2021,,,OQ1022-No_Run2,R&D 2-Cav,217,220,205,210,460,,325,3.5,12-Jul,8,3.6,7.85,65,58,55,14.11,12.2,70.44,9.56,,,D_26012101,"4,424",4.434,4.39,4.299,4.163,3.991,3.778,3.496,3.178,2.8,2.366,9
,,,OQ1022-No_Run2,R&D 2-Cav,217,220,205,210,460,,325,3.5,12-Jul,8,3.6,7.8,65,58,55,14.11,12.3,70.41,9.67,,,D_26012101,4.446,4.463,4.433,4.358,4.223,4.049,3.841,3.557,3.23,2.824,2.347,5
,,,OQ1022-No_Run2,R&D 2-Cav,217,220,205,210,460,,325,3.5,12-Jul,8,3.6,7.8,65,58,55,14.11,12.2,70.27,9.6,,,D_26012101,4.451,4.462,4.432,4.358,4.224,4.056,3.856,3.567,3.238,2.849,2.402,9
,,,OQ1022-No_Run2,R&D 2-Cav,217,220,205,210,460,,325,3.5,12-Jul,8,3.6,7.9,65,58,55,14.11,12.1,70.34,9.59,,,D_26012101,4.391,4.414,4.402,4.317,4.179,4.008,3.815,3.513,3.185,2.794,2.328,9
,,,OQ1022-No_Run2,R&D 2-Cav,217,220,205,210,460,,325,3.5,12-Jul,8,3.6,7.85,65,58,55,14.16,12.2,70.24,9.75,,,D_26012101,4.335,4.372,4.341,4.249,4.123,3.961,3.754,3.464,3.158,2.797,2.343,5
,,,OQ1022-No_Run2,R&D 2-Cav,217,220,205,210,460,,325,3.5,12-Jul,8,3.6,7.88,65,58,55,14.16,12.2,70.37,9.83,,,D_26012101,4.448,4.451,4.421,4.344,4.221,4.066,3.854,3.579,3.239,2.835,2.372,9
,,,OQ1022-No_Run2,R&D 2-Cav,217,220,205,210,460,,325,3.5,12-Jul,8,3.6,7.85,65,58,55,14.11,12.3,70.44,9.8,,,D_26012101,4.398,4.418,4.374,4.304,4.161,4.012,3.811,3.513,3.179,2.781,2.331,9
,,,OQ1022-No_Run2,R&D 2-Cav,217,220,205,210,460,,325,3.5,12-Jul,8,3.6,7.9,65,58,55,14.16,12.2,70.37,9.77,,,D_26012101,4.426,4.445,4.411,4.337,4.201,4.036,3.833,3.551,3.223,2.819,2.355,10
,,,OQ1022-No_Run2,R&D 2-Cav,217,220,205,210,460,,325,3.5,12-Jul,8,3.6,7.85,65,58,55,14.11,12.3,70.37,9.69,,,D_26012101,4.509,4.522,4.485,4.403,4.274,4.096,3.895,3.589,3.249,2.848,2.38,8
,,,OQ1022-No_Run2,R&D 2-Cav,217,220,205,210,460,,325,3.5,12-Jul,8,3.6,7.78,65,58,55,14.16,12.2,70.37,9.69,,,D_26012101,4.446,4.451,4.427,4.356,4.223,4.043,3.849,3.54,3.215,2.81,2.358,6
